gid,role,role_score,cluster_id,priority_score,evidence
100000000011452100,consolidator,0.797963508613,0,0.527086466312,"3 плательщиков, 7 входящих tx, вход 110000.00 KZT; признаки консолидации, вход неполон"
100000000018102100,peripheral,0.150000000000,0,0.154205419329,"Недостаточно признаков: вход 1 gid, выход 0 gid, depth=4; наблюдение ограничено"
100000000031787100,transit,0.516661698957,11,0.318636378239,"Вход 90000.00, выход 90000.00 KZT, r=1.000; сходство объёмов, порядок не известен"
100000000041368100,peripheral,0.150000000000,1,0.481802307850,"Недостаточно признаков: вход 1 gid, выход 0 gid, depth=1; наблюдение ограничено"
100000000076451100,consolidator,0.784496826836,16,0.641622501750,"3 плательщиков, 4 входящих tx, вход 87707.00 KZT; признаки консолидации, вход неполон"
100000000089154100,distributor,0.797762968300,1,0.568766365629,"15 получателей, 21 исходящих tx, выход 425500.00 KZT; веер исходящих переводов"
100000000190228100,peripheral,0.150000000000,19,0.372745763919,"Недостаточно признаков: вход 1 gid, выход 1 gid, depth=2; наблюдение ограничено"
100000000201868100,peripheral,0.150000000000,2,0.312091672453,"Недостаточно признаков: вход 1 gid, выход 1 gid, depth=2; наблюдение ограничено"
100000000254336100,peripheral,0.150000000000,0,0.493462617180,"Недостаточно признаков: вход 2 gid, выход 1 gid, depth=3; наблюдение ограничено"
100000000267734100,peripheral,0.150000000000,11,0.605875518335,"Недостаточно признаков: вход 2 gid, выход 7 gid, depth=1; наблюдение ограничено"
100000000274067100,peripheral,0.150000000000,11,0.621285329510,"Недостаточно признаков: вход 2 gid, выход 3 gid, depth=1; наблюдение ограничено"
100000000287768100,peripheral,0.150000000000,0,0.217821390616,"Недостаточно признаков: вход 1 gid, выход 0 gid, depth=3; наблюдение ограничено"
100000000288317100,peripheral,0.150000000000,0,0.516031657081,"Недостаточно признаков: вход 2 gid, выход 3 gid, depth=3; наблюдение ограничено"
100000000291906100,transit,0.230310272405,49,0.559784736010,"Вход 388000.00, выход 455854.00 KZT, r=1.175; сходство объёмов, порядок не известен"
100000000291908100,peripheral,0.150000000000,49,0.369117813674,"Недостаточно признаков: вход 1 gid, выход 1 gid, depth=3; наблюдение ограничено"
100000000297649100,peripheral,0.150000000000,12,0.389179524250,"Недостаточно признаков: вход 1 gid, выход 1 gid, depth=2; наблюдение ограничено"
100000000299820100,peripheral,0.150000000000,3,0.161473252438,"Недостаточно признаков: вход 1 gid, выход 0 gid, depth=4; наблюдение ограничено"
100000000307908100,peripheral,0.150000000000,62,0.147834849567,"Недостаточно признаков: вход 1 gid, выход 0 gid, depth=2; наблюдение ограничено"
100000000331309100,distributor,0.847305475504,4,0.805842783575,"99 получателей, 126 исходящих tx, выход 23001375.00 KZT; веер исходящих переводов"
100000000332284100,consolidator,0.843045104261,4,0.697104690866,"10 плательщиков, 12 входящих tx, вход 107426.00 KZT; признаки консолидации, вход неполон"
100000000343175100,consolidator,0.842736854034,10,0.883512302478,"8 плательщиков, 14 входящих tx, вход 178712.00 KZT; признаки консолидации, вход неполон"
100000000369781100,peripheral,0.150000000000,4,0.243973384598,"Недостаточно признаков: вход 1 gid, выход 0 gid, depth=4; наблюдение ограничено"
100000000375150100,peripheral,0.150000000000,14,0.306740188284,"Недостаточно признаков: вход 1 gid, выход 0 gid, depth=4; наблюдение ограничено"
100000000404740100,peripheral,0.150000000000,27,0.200010713183,"Недостаточно признаков: вход 1 gid, выход 0 gid, depth=4; наблюдение ограничено"
100000000408846100,peripheral,0.150000000000,28,0.223249833864,"Недостаточно признаков: вход 1 gid, выход 0 gid, depth=3; наблюдение ограничено"
100000000413678100,peripheral,0.150000000000,3,0.668683103193,"Недостаточно признаков: вход 2 gid, выход 3 gid, depth=3; наблюдение ограничено"
100000000424935100,peripheral,0.150000000000,29,0.173765760289,"Недостаточно признаков: вход 1 gid, выход 0 gid, depth=4; наблюдение ограничено"
100000000425407100,peripheral,0.150000000000,1,0.187942521168,"Недостаточно признаков: вход 1 gid, выход 0 gid, depth=2; наблюдение ограничено"
100000000437046100,consolidator,0.845761559383,0,0.806099115325,"9 плательщиков, 20 входящих tx, вход 1107200.00 KZT; признаки консолидации, вход неполон"
100000000440392100,terminal,0.479193109701,2,0.416689724874,"1 плательщиков, 4 даты входа, последний день 19; r=0.000, исходящие вне выборки неизвестны"
100000000456947100,peripheral,0.050000000000,86,0.000000000000,"Недостаточно признаков: вход 0 gid, выход 0 gid, depth=0; наблюдение ограничено"
100000000470237100,peripheral,0.150000000000,29,0.214636105735,"Недостаточно признаков: вход 1 gid, выход 0 gid, depth=4; наблюдение ограничено"
100000000481716100,peripheral,0.150000000000,9,0.155641040684,"Недостаточно признаков: вход 1 gid, выход 0 gid, depth=3; наблюдение ограничено"
100000000489417100,consolidator,0.772243880326,14,0.497443207566,"3 плательщиков, 3 входящих tx, вход 73504.00 KZT; признаки консолидации, вход неполон"
100000000490383100,consolidator,0.772243880326,2,0.701677800779,"3 плательщиков, 3 входящих tx, вход 62600.00 KZT; признаки консолидации, вход неполон"
100000000500040100,peripheral,0.150000000000,0,0.252632011614,"Недостаточно признаков: вход 1 gid, выход 0 gid, depth=4; наблюдение ограничено"
100000000507799100,peripheral,0.150000000000,40,0.402654403908,"Недостаточно признаков: вход 1 gid, выход 1 gid, depth=1; наблюдение ограничено"
100000000533217100,peripheral,0.150000000000,0,0.239714616278,"Недостаточно признаков: вход 1 gid, выход 0 gid, depth=2; наблюдение ограничено"
100000000534581100,peripheral,0.150000000000,3,0.503646520447,"Недостаточно признаков: вход 2 gid, выход 1 gid, depth=3; наблюдение ограничено"
100000000542087100,peripheral,0.150000000000,37,0.252766565397,"Недостаточно признаков: вход 1 gid, выход 0 gid, depth=4; наблюдение ограничено"
100000000552584100,terminal,0.400582955576,26,0.430392647869,"1 плательщиков, 2 даты входа, последний день 16; r=0.023, исходящие вне выборки неизвестны"
100000000555721100,terminal,0.469582955576,0,0.532959059659,"2 плательщиков, 2 даты входа, последний день 16; r=0.000, исходящие вне выборки неизвестны"
100000000557536100,peripheral,0.150000000000,37,0.377800212773,"Недостаточно признаков: вход 1 gid, выход 0 gid, depth=4; наблюдение ограничено"
100000000560751100,peripheral,0.150000000000,14,0.264700203628,"Недостаточно признаков: вход 1 gid, выход 0 gid, depth=3; наблюдение ограничено"
100000000561160100,peripheral,0.150000000000,1,0.362591634763,"Недостаточно признаков: вход 1 gid, выход 0 gid, depth=4; наблюдение ограничено"
100000000569479100,peripheral,0.150000000000,0,0.308624441312,"Недостаточно признаков: вход 1 gid, выход 0 gid, depth=3; наблюдение ограничено"
100000000572276100,peripheral,0.150000000000,70,0.250938793908,"Недостаточно признаков: вход 1 gid, выход 1 gid, depth=3; наблюдение ограничено"
100000000580561100,peripheral,0.150000000000,54,0.486330292181,"Недостаточно признаков: вход 2 gid, выход 3 gid, depth=0; наблюдение ограничено"
100000000581662100,peripheral,0.150000000000,13,0.191890479894,"Недостаточно признаков: вход 1 gid, выход 0 gid, depth=4; наблюдение ограничено"
100000000581682100,peripheral,0.150000000000,29,0.147834849567,"Недостаточно признаков: вход 1 gid, выход 0 gid, depth=4; наблюдение ограничено"
100000000583220100,peripheral,0.150000000000,71,0.455837029151,"Недостаточно признаков: вход 1 gid, выход 1 gid, depth=3; наблюдение ограничено"
100000000594783100,terminal,0.320981332608,26,0.463676625254,"1 плательщиков, 7 даты входа, последний день 27; r=0.058, исходящие вне выборки неизвестны"
100000000596954100,peripheral,0.150000000000,1,0.507121758892,"Недостаточно признаков: вход 1 gid, выход 2 gid, depth=2; наблюдение ограничено"
100000000600707100,peripheral,0.150000000000,38,0.258960915067,"Недостаточно признаков: вход 1 gid, выход 0 gid, depth=4; наблюдение ограничено"
100000000607731100,peripheral,0.150000000000,72,0.359745494376,"Недостаточно признаков: вход 1 gid, выход 1 gid, depth=1; наблюдение ограничено"
100000000607941100,peripheral,0.150000000000,2,0.547160160272,"Недостаточно признаков: вход 2 gid, выход 1 gid, depth=2; наблюдение ограничено"
100000000608031100,peripheral,0.150000000000,17,0.210329241671,"Недостаточно признаков: вход 1 gid, выход 0 gid, depth=4; наблюдение ограничено"
100000000611474100,peripheral,0.150000000000,25,0.214187474062,"Недостаточно признаков: вход 1 gid, выход 0 gid, depth=3; наблюдение ограничено"
100000000625169100,peripheral,0.150000000000,18,0.161473252438,"Недостаточно признаков: вход 1 gid, выход 0 gid, depth=2; наблюдение ограничено"
100000000627521100,peripheral,0.150000000000,41,0.249267238345,"Недостаточно признаков: вход 1 gid, выход 0 gid, depth=4; наблюдение ограничено"
100000000629812100,terminal,0.447914777879,55,0.432325756248,"2 плательщиков, 2 даты входа, последний день 28; r=0.000, исходящие вне выборки неизвестны"
100000000634341100,peripheral,0.150000000000,0,0.197139470473,"Недостаточно признаков: вход 1 gid, выход 0 gid, depth=4; наблюдение ограничено"
100000000640800100,peripheral,0.150000000000,3,0.482265462991,"Недостаточно признаков: вход 1 gid, выход 4 gid, depth=3; наблюдение ограничено"
100000000646541100,consolidator,0.784496826836,0,0.431884830278,"3 плательщиков, 4 входящих tx, вход 25300.00 KZT; признаки консолидации, вход неполон"
100000000655469100,peripheral,0.150000000000,24,0.252632011614,"Недостаточно признаков: вход 1 gid, выход 0 gid, depth=4; наблюдение ограничено"
100000000656682100,peripheral,0.150000000000,0,0.429944541499,"Недостаточно признаков: вход 1 gid, выход 2 gid, depth=3; наблюдение ограничено"
100000000661131100,peripheral,0.150000000000,6,0.176367823995,"Недостаточно признаков: вход 1 gid, выход 0 gid, depth=3; наблюдение ограничено"
100000000661912100,consolidator,0.830040797824,3,0.760964850911,"5 плательщиков, 9 входящих tx, вход 393036.00 KZT; признаки консолидации, вход неполон"
100000000667713100,peripheral,0.150000000000,2,0.731670537512,"Недостаточно признаков: вход 2 gid, выход 6 gid, depth=1; наблюдение ограничено"
100000000673868100,peripheral,0.150000000000,30,0.484244273897,"Недостаточно признаков: вход 1 gid, выход 5 gid, depth=3; наблюдение ограничено"
100000000673915100,peripheral,0.150000000000,37,0.286548530404,"Недостаточно признаков: вход 1 gid, выход 0 gid, depth=4; наблюдение ограничено"
100000000703894100,peripheral,0.150000000000,42,0.384285646911,"Недостаточно признаков: вход 1 gid, выход 1 gid, depth=1; наблюдение ограничено"
100000000703902100,peripheral,0.150000000000,7,0.285423294096,"Недостаточно признаков: вход 1 gid, выход 0 gid, depth=1; наблюдение ограничено"
100000000704700100,peripheral,0.150000000000,39,0.161473252438,"Недостаточно признаков: вход 1 gid, выход 0 gid, depth=4; наблюдение ограничено"
100000000706545100,consolidator,0.800622166818,2,0.677388960635,"3 плательщиков, 8 входящих tx, вход 1070300.00 KZT; признаки консолидации, вход неполон"
100000000718427100,peripheral,0.150000000000,18,0.152096850464,"Недостаточно признаков: вход 1 gid, выход 0 gid, depth=2; наблюдение ограничено"
100000000723383100,peripheral,0.150000000000,24,0.392786543274,"Недостаточно признаков: вход 1 gid, выход 2 gid, depth=2; наблюдение ограничено"
100000000724540100,peripheral,0.150000000000,20,0.444725180949,"Недостаточно признаков: вход 1 gid, выход 1 gid, depth=2; наблюдение ограничено"
100000000733373100,peripheral,0.150000000000,2,0.260931661853,"Недостаточно признаков: вход 1 gid, выход 0 gid, depth=2; наблюдение ограничено"
100000000733451100,peripheral,0.150000000000,14,0.444579332571,"Недостаточно признаков: вход 1 gid, выход 1 gid, depth=3; наблюдение ограничено"
100000000733940100,peripheral,0.150000000000,32,0.329799856296,"Недостаточно признаков: вход 1 gid, выход 0 gid, depth=4; наблюдение ограничено"
100000000737152100,peripheral,0.150000000000,0,0.313511293975,"Недостаточно признаков: вход 1 gid, выход 0 gid, depth=4; наблюдение ограничено"
100000000749118100,peripheral,0.150000000000,0,0.295003959829,"Недостаточно признаков: вход 1 gid, выход 1 gid, depth=3; наблюдение ограничено"
100000000764836100,peripheral,0.150000000000,3,0.410521986899,"Недостаточно признаков: вход 1 gid, выход 2 gid, depth=3; наблюдение ограничено"
100000000765628100,peripheral,0.150000000000,2,0.147834849567,"Недостаточно признаков: вход 1 gid, выход 0 gid, depth=2; наблюдение ограничено"
100000000769919100,peripheral,0.150000000000,63,0.299517218342,"Недостаточно признаков: вход 1 gid, выход 0 gid, depth=2; наблюдение ограничено"
100000000782285100,peripheral,0.150000000000,0,0.152859524309,"Недостаточно признаков: вход 1 gid, выход 0 gid, depth=3; наблюдение ограничено"
100000000783406100,peripheral,0.150000000000,36,0.152635208472,"Недостаточно признаков: вход 1 gid, выход 0 gid, depth=3; наблюдение ограничено"
100000000785800100,peripheral,0.150000000000,56,0.207874534723,"Недостаточно признаков: вход 1 gid, выход 1 gid, depth=2; наблюдение ограничено"
100000000790311100,peripheral,0.150000000000,16,0.324906538479,"Недостаточно признаков: вход 1 gid, выход 0 gid, depth=2; наблюдение ограничено"
100000000791285100,peripheral,0.150000000000,28,0.462964488910,"Недостаточно признаков: вход 1 gid, выход 3 gid, depth=3; наблюдение ограничено"
100000000795033100,peripheral,0.150000000000,0,0.248773779223,"Недостаточно признаков: вход 1 gid, выход 0 gid, depth=2; наблюдение ограничено"
100000000795129100,peripheral,0.150000000000,16,0.405391060686,"Недостаточно признаков: вход 1 gid, выход 0 gid, depth=2; наблюдение ограничено"
100000000795374100,peripheral,0.150000000000,3,0.234824531038,"Недостаточно признаков: вход 1 gid, выход 0 gid, depth=3; наблюдение ограничено"
100000000802149100,peripheral,0.150000000000,0,0.268247590706,"Недостаточно признаков: вход 1 gid, выход 0 gid, depth=3; наблюдение ограничено"
100000000803368100,peripheral,0.150000000000,15,0.277220224174,"Недостаточно признаков: вход 1 gid, выход 0 gid, depth=4; наблюдение ограничено"
100000000806727100,peripheral,0.150000000000,1,0.377429392804,"Недостаточно признаков: вход 1 gid, выход 1 gid, depth=2; наблюдение ограничено"
100000000810551100,peripheral,0.150000000000,1,0.558657329768,"Недостаточно признаков: вход 1 gid, выход 1 gid, depth=1; наблюдение ограничено"
100000000817146100,peripheral,0.150000000000,2,0.449052195692,"Недостаточно признаков: вход 1 gid, выход 0 gid, depth=1; наблюдение ограничено"
100000000821507100,peripheral,0.150000000000,30,0.411088682939,"Недостаточно признаков: вход 1 gid, выход 0 gid, depth=2; наблюдение ограничено"
100000000831684100,peripheral,0.150000000000,12,0.257807239972,"Недостаточно признаков: вход 1 gid, выход 1 gid, depth=2; наблюдение ограничено"
100000000838385100,peripheral,0.150000000000,29,0.419672462755,"Недостаточно признаков: вход 1 gid, выход 2 gid, depth=3; наблюдение ограничено"
100000000850297100,peripheral,0.150000000000,10,0.204195755001,"Недостаточно признаков: вход 1 gid, выход 1 gid, depth=2; наблюдение ограничено"
100000000860514100,peripheral,0.150000000000,27,0.299877356833,"Недостаточно признаков: вход 1 gid, выход 1 gid, depth=3; наблюдение ограничено"
100000000861294100,peripheral,0.150000000000,8,0.280450372223,"Недостаточно признаков: вход 1 gid, выход 0 gid, depth=2; наблюдение ограничено"
100000000870121100,peripheral,0.150000000000,14,0.231501459797,"Недостаточно признаков: вход 1 gid, выход 0 gid, depth=3; наблюдение ограничено"
100000000878006100,peripheral,0.150000000000,4,0.326252433499,"Недостаточно признаков: вход 1 gid, выход 0 gid, depth=3; наблюдение ограничено"
100000000896111100,peripheral,0.150000000000,26,0.304766208921,"Недостаточно признаков: вход 1 gid, выход 0 gid, depth=3; наблюдение ограничено"
100000000907277100,peripheral,0.150000000000,7,0.264651647618,"Недостаточно признаков: вход 1 gid, выход 0 gid, depth=1; наблюдение ограничено"
100000000910216100,peripheral,0.150000000000,1,0.428637030050,"Недостаточно признаков: вход 1 gid, выход 1 gid, depth=2; наблюдение ограничено"
100000000912487100,peripheral,0.150000000000,1,0.257611787470,"Недостаточно признаков: вход 1 gid, выход 0 gid, depth=2; наблюдение ограничено"
100000000913911100,peripheral,0.150000000000,1,0.563251468196,"Недостаточно признаков: вход 2 gid, выход 1 gid, depth=2; наблюдение ограничено"
100000000917179100,peripheral,0.150000000000,15,0.261787294609,"Недостаточно признаков: вход 1 gid, выход 0 gid, depth=2; наблюдение ограничено"
100000000922570100,peripheral,0.150000000000,12,0.341939722681,"Недостаточно признаков: вход 1 gid, выход 1 gid, depth=1; наблюдение ограничено"
100000000926078100,peripheral,0.150000000000,3,0.364206708788,"Недостаточно признаков: вход 1 gid, выход 0 gid, depth=4; наблюдение ограничено"
100000000926766100,peripheral,0.150000000000,27,0.207515629384,"Недостаточно признаков: вход 1 gid, выход 1 gid, depth=3; наблюдение ограничено"
100000000933075100,peripheral,0.150000000000,12,0.407169031845,"Недостаточно признаков: вход 1 gid, выход 2 gid, depth=3; наблюдение ограничено"
100000000941942100,peripheral,0.150000000000,1,0.473682074561,"Недостаточно признаков: вход 1 gid, выход 0 gid, depth=1; наблюдение ограничено"
100000000942301100,terminal,0.447914777879,0,0.307813707442,"1 плательщиков, 2 даты входа, последний день 8; r=0.000, исходящие вне выборки неизвестны"
100000000943371100,peripheral,0.150000000000,14,0.299052602379,"Недостаточно признаков: вход 1 gid, выход 0 gid, depth=2; наблюдение ограничено"
100000000945428100,peripheral,0.150000000000,0,0.342399516618,"Недостаточно признаков: вход 1 gid, выход 0 gid, depth=1; наблюдение ограничено"
100000000954884100,peripheral,0.150000000000,36,0.215892274421,"Недостаточно признаков: вход 1 gid, выход 0 gid, depth=3; наблюдение ограничено"
100000000955444100,peripheral,0.150000000000,73,0.153756787655,"Недостаточно признаков: вход 1 gid, выход 0 gid, depth=2; наблюдение ограничено"
100000000955529100,peripheral,0.150000000000,1,0.286198509704,"Недостаточно признаков: вход 1 gid, выход 1 gid, depth=3; наблюдение ограничено"
100000000957746100,peripheral,0.150000000000,17,0.246306269300,"Недостаточно признаков: вход 1 gid, выход 0 gid, depth=4; наблюдение ограничено"
100000000961900100,terminal,0.469582955576,0,0.415510484422,"2 плательщиков, 3 даты входа, последний день 14; r=0.000, исходящие вне выборки неизвестны"
100000000967918100,peripheral,0.150000000000,0,0.256714559842,"Недостаточно признаков: вход 1 gid, выход 0 gid, depth=2; наблюдение ограничено"
100000000968253100,peripheral,0.150000000000,7,0.256980046003,"Недостаточно признаков: вход 1 gid, выход 0 gid, depth=1; наблюдение ограничено"
100000000971908100,peripheral,0.150000000000,8,0.258960915067,"Недостаточно признаков: вход 1 gid, выход 0 gid, depth=2; наблюдение ограничено"
100000000976943100,peripheral,0.150000000000,10,0.326630746474,"Недостаточно признаков: вход 1 gid, выход 1 gid, depth=3; наблюдение ограничено"
100000000978041100,peripheral,0.150000000000,7,0.309021320117,"Недостаточно признаков: вход 1 gid, выход 0 gid, depth=1; наблюдение ограничено"
100000000979567100,peripheral,0.150000000000,7,0.161473252438,"Недостаточно признаков: вход 1 gid, выход 0 gid, depth=2; наблюдение ограничено"
100000000979923100,peripheral,0.150000000000,10,0.470288422414,"Недостаточно признаков: вход 1 gid, выход 0 gid, depth=1; наблюдение ограничено"
100000000981693100,peripheral,0.150000000000,0,0.243390199142,"Недостаточно признаков: вход 1 gid, выход 0 gid, depth=4; наблюдение ограничено"
100000000993112100,peripheral,0.150000000000,33,0.278252077023,"Недостаточно признаков: вход 1 gid, выход 0 gid, depth=2; наблюдение ограничено"
100000000998559100,peripheral,0.150000000000,1,0.464305672587,"Недостаточно признаков: вход 1 gid, выход 0 gid, depth=1; наблюдение ограничено"
100000001009583100,peripheral,0.150000000000,4,0.410595188098,"Недостаточно признаков: вход 1 gid, выход 0 gid, depth=3; наблюдение ограничено"
100000001046057100,peripheral,0.150000000000,5,0.256762619867,"Недостаточно признаков: вход 1 gid, выход 0 gid, depth=3; наблюдение ограничено"
100000001046626100,peripheral,0.150000000000,4,0.376588907254,"Недостаточно признаков: вход 1 gid, выход 0 gid, depth=3; наблюдение ограничено"
100000001049200100,coordinator,0.490356379529,21,0.719449635671,"Достижим от 3 seed, betweenness=0.00116, межкластерный объём 0.37; структурный кандидат"
100000001052789100,peripheral,0.150000000000,21,0.250930408113,"Недостаточно признаков: вход 1 gid, выход 0 gid, depth=3; наблюдение ограничено"
100000001052945100,peripheral,0.150000000000,57,0.474848584655,"Недостаточно признаков: вход 1 gid, выход 3 gid, depth=3; наблюдение ограничено"
100000001053894100,peripheral,0.150000000000,41,0.437333635832,"Недостаточно признаков: вход 1 gid, выход 0 gid, depth=4; наблюдение ограничено"
100000001056414100,peripheral,0.150000000000,13,0.364206708788,"Недостаточно признаков: вход 1 gid, выход 0 gid, depth=3; наблюдение ограничено"
100000001063678100,peripheral,0.150000000000,25,0.439085468017,"Недостаточно признаков: вход 1 gid, выход 2 gid, depth=3; наблюдение ограничено"
100000001065234100,peripheral,0.150000000000,58,0.311854589360,"Недостаточно признаков: вход 1 gid, выход 0 gid, depth=4; наблюдение ограничено"
100000001065481100,peripheral,0.150000000000,14,0.177623992680,"Недостаточно признаков: вход 1 gid, выход 0 gid, depth=4; наблюдение ограничено"
100000001066017100,peripheral,0.150000000000,0,0.603632707817,"Недостаточно признаков: вход 2 gid, выход 4 gid, depth=3; наблюдение ограничено"
100000001072022100,consolidator,0.794611287398,1,0.679958504253,"3 плательщиков, 6 входящих tx, вход 1684000.00 KZT; признаки консолидации, вход неполон"
100000001073568100,peripheral,0.150000000000,15,0.412903067674,"Недостаточно признаков: вход 1 gid, выход 2 gid, depth=3; наблюдение ограничено"
100000001074553100,terminal,0.447914777879,19,0.556307374086,"2 плательщиков, 2 даты входа, последний день 17; r=0.000, исходящие вне выборки неизвестны"
100000001083990100,peripheral,0.150000000000,12,0.297943810627,"Недостаточно признаков: вход 1 gid, выход 0 gid, depth=2; наблюдение ограничено"
100000001089055100,peripheral,0.150000000000,17,0.169099990886,"Недостаточно признаков: вход 1 gid, выход 0 gid, depth=4; наблюдение ограничено"
100000001102676100,peripheral,0.150000000000,1,0.371995895693,"Недостаточно признаков: вход 1 gid, выход 1 gid, depth=2; наблюдение ограничено"
100000001103905100,peripheral,0.150000000000,7,0.266491037479,"Недостаточно признаков: вход 1 gid, выход 0 gid, depth=1; наблюдение ограничено"
100000001110358100,peripheral,0.150000000000,0,0.392544235587,"Недостаточно признаков: вход 2 gid, выход 0 gid, depth=3; наблюдение ограничено"
100000001111763100,peripheral,0.150000000000,7,0.263126299929,"Недостаточно признаков: вход 1 gid, выход 0 gid, depth=1; наблюдение ограничено"
100000001114385100,peripheral,0.150000000000,1,0.273269068590,"Недостаточно признаков: вход 1 gid, выход 0 gid, depth=2; наблюдение ограничено"
100000001126374100,consolidator,0.818057570263,0,0.691798720859,"4 плательщиков, 7 входящих tx, вход 182500.00 KZT; признаки консолидации, вход неполон"
100000001130176100,terminal,0.447914777879,0,0.296149248214,"1 плательщиков, 2 даты входа, последний день 24; r=0.000, исходящие вне выборки неизвестны"
100000001130553100,peripheral,0.150000000000,4,0.279415286797,"Недостаточно признаков: вход 1 gid, выход 0 gid, depth=4; наблюдение ограничено"
100000001131403100,peripheral,0.150000000000,57,0.339041668768,"Недостаточно признаков: вход 1 gid, выход 0 gid, depth=4; наблюдение ограничено"
100000001138283100,peripheral,0.150000000000,3,0.333816119261,"Недостаточно признаков: вход 1 gid, выход 2 gid, depth=3; наблюдение ограничено"
100000001138376100,peripheral,0.150000000000,16,0.271519369345,"Недостаточно признаков: вход 1 gid, выход 0 gid, depth=2; наблюдение ограничено"
100000001140785100,peripheral,0.150000000000,5,0.503804854870,"Недостаточно признаков: вход 2 gid, выход 0 gid, depth=3; наблюдение ограничено"
100000001141268100,peripheral,0.150000000000,20,0.600381245811,"Недостаточно признаков: вход 2 gid, выход 1 gid, depth=3; наблюдение ограничено"
100000001145749100,peripheral,0.150000000000,1,0.226162742884,"Недостаточно признаков: вход 1 gid, выход 0 gid, depth=3; наблюдение ограничено"
100000001149815100,peripheral,0.150000000000,6,0.166811969351,"Недостаточно признаков: вход 1 gid, выход 0 gid, depth=3; наблюдение ограничено"
100000001155773100,peripheral,0.150000000000,6,0.192339111567,"Недостаточно признаков: вход 1 gid, выход 0 gid, depth=3; наблюдение ограничено"
100000001160401100,terminal,0.447914777879,0,0.230517666974,"1 плательщиков, 2 даты входа, последний день 6; r=0.000, исходящие вне выборки неизвестны"
100000001162560100,distributor,0.776819164265,19,0.535842813966,"12 получателей, 14 исходящих tx, выход 2904398.00 KZT; веер исходящих переводов"
100000001164648100,peripheral,0.150000000000,22,0.463107072392,"Недостаточно признаков: вход 2 gid, выход 0 gid, depth=1; наблюдение ограничено"
100000001166289100,terminal,0.390589056049,18,0.465642299297,"2 плательщиков, 10 даты входа, последний день 28; r=0.035, исходящие вне выборки неизвестны"
100000001169666100,peripheral,0.150000000000,9,0.364816641764,"Недостаточно признаков: вход 1 gid, выход 1 gid, depth=3; наблюдение ограничено"
100000001184915100,peripheral,0.150000000000,16,0.388791688771,"Недостаточно признаков: вход 1 gid, выход 0 gid, depth=2; наблюдение ограничено"
100000001194266100,peripheral,0.150000000000,1,0.433484676625,"Недостаточно признаков: вход 1 gid, выход 0 gid, depth=1; наблюдение ограничено"
100000001202637100,peripheral,0.150000000000,9,0.161473252438,"Недостаточно признаков: вход 1 gid, выход 0 gid, depth=4; наблюдение ограничено"
100000001202787100,peripheral,0.150000000000,0,0.382135945045,"Недостаточно признаков: вход 2 gid, выход 0 gid, depth=4; наблюдение ограничено"
100000001220124100,peripheral,0.150000000000,3,0.286817745127,"Недостаточно признаков: вход 1 gid, выход 0 gid, depth=4; наблюдение ограничено"
100000001222245100,peripheral,0.150000000000,4,0.412075672620,"Недостаточно признаков: вход 1 gid, выход 0 gid, depth=4; наблюдение ограничено"
100000001222263100,peripheral,0.150000000000,4,0.477372699345,"Недостаточно признаков: вход 1 gid, выход 1 gid, depth=3; наблюдение ограничено"
100000001223977100,peripheral,0.150000000000,50,0.320865478690,"Недостаточно признаков: вход 1 gid, выход 1 gid, depth=3; наблюдение ограничено"
100000001227106100,peripheral,0.150000000000,4,0.380088234307,"Недостаточно признаков: вход 1 gid, выход 0 gid, depth=3; наблюдение ограничено"
100000001229743100,peripheral,0.150000000000,0,0.209049328064,"Недостаточно признаков: вход 1 gid, выход 1 gid, depth=3; наблюдение ограничено"
100000001232297100,peripheral,0.150000000000,14,0.406373573130,"Недостаточно признаков: вход 1 gid, выход 2 gid, depth=2; наблюдение ограничено"
100000001236706100,consolidator,0.772243880326,14,0.650016606749,"3 плательщиков, 3 входящих tx, вход 142700.00 KZT; признаки консолидации, вход неполон"
100000001241318100,peripheral,0.150000000000,0,0.238951942433,"Недостаточно признаков: вход 1 gid, выход 0 gid, depth=2; наблюдение ограничено"
100000001246806100,peripheral,0.150000000000,5,0.275021928974,"Недостаточно признаков: вход 1 gid, выход 0 gid, depth=4; наблюдение ограничено"
100000001248999100,peripheral,0.150000000000,17,0.195030901608,"Недостаточно признаков: вход 1 gid, выход 0 gid, depth=3; наблюдение ограничено"
100000001249054100,peripheral,0.150000000000,9,0.245543631174,"Недостаточно признаков: вход 1 gid, выход 0 gid, depth=4; наблюдение ограничено"
100000001250022100,peripheral,0.150000000000,8,0.234824531038,"Недостаточно признаков: вход 1 gid, выход 0 gid, depth=2; наблюдение ограничено"
100000001251686100,peripheral,0.150000000000,1,0.279415286797,"Недостаточно признаков: вход 1 gid, выход 0 gid, depth=2; наблюдение ограничено"
100000001252290100,peripheral,0.150000000000,4,0.426138962243,"Недостаточно признаков: вход 1 gid, выход 1 gid, depth=3; наблюдение ограничено"
100000001253557100,consolidator,0.818192429737,5,0.645578004397,"5 плательщиков, 5 входящих tx, вход 210200.00 KZT; признаки консолидации, вход неполон"
100000001256409100,peripheral,0.150000000000,3,0.155641040684,"Недостаточно признаков: вход 1 gid, выход 0 gid, depth=4; наблюдение ограничено"
100000001262647100,peripheral,0.150000000000,16,0.195748712285,"Недостаточно признаков: вход 1 gid, выход 0 gid, depth=2; наблюдение ограничено"
100000001270349100,peripheral,0.150000000000,8,0.291845616727,"Недостаточно признаков: вход 1 gid, выход 0 gid, depth=3; наблюдение ограничено"
100000001270470100,peripheral,0.150000000000,0,0.271698857733,"Недостаточно признаков: вход 1 gid, выход 0 gid, depth=4; наблюдение ограничено"
100000001273783100,peripheral,0.150000000000,10,0.194761722604,"Недостаточно признаков: вход 1 gid, выход 0 gid, depth=2; наблюдение ограничено"
100000001275557100,peripheral,0.150000000000,25,0.187942521168,"Недостаточно признаков: вход 1 gid, выход 0 gid, depth=4; наблюдение ограничено"
100000001275752100,peripheral,0.150000000000,5,0.281347635569,"Недостаточно признаков: вход 1 gid, выход 0 gid, depth=3; наблюдение ограничено"
100000001276409100,peripheral,0.150000000000,9,0.326925416728,"Недостаточно признаков: вход 1 gid, выход 0 gid, depth=4; наблюдение ограничено"
100000001279272100,peripheral,0.150000000000,0,0.442152879121,"Недостаточно признаков: вход 1 gid, выход 2 gid, depth=3; наблюдение ограничено"
100000001279875100,peripheral,0.150000000000,13,0.232805688508,"Недостаточно признаков: вход 1 gid, выход 0 gid, depth=2; наблюдение ограничено"
100000001280798100,peripheral,0.150000000000,9,0.196645975632,"Недостаточно признаков: вход 1 gid, выход 0 gid, depth=3; наблюдение ограничено"
100000001282143100,consolidator,0.822122620127,13,0.608483054708,"5 плательщиков, 6 входящих tx, вход 1700000.00 KZT; признаки консолидации, вход неполон"
100000001285440100,peripheral,0.150000000000,20,0.412062910237,"Недостаточно признаков: вход 2 gid, выход 0 gid, depth=3; наблюдение ограничено"
100000001286703100,peripheral,0.150000000000,41,0.286862572575,"Недостаточно признаков: вход 1 gid, выход 0 gid, depth=4; наблюдение ограничено"
100000001287955100,peripheral,0.150000000000,13,0.478568708043,"Недостаточно признаков: вход 1 gid, выход 4 gid, depth=2; наблюдение ограничено"
100000001290243100,peripheral,0.150000000000,2,0.161473252438,"Недостаточно признаков: вход 1 gid, выход 0 gid, depth=2; наблюдение ограничено"
100000001297206100,peripheral,0.150000000000,0,0.153577334986,"Недостаточно признаков: вход 1 gid, выход 0 gid, depth=4; наблюдение ограничено"
100000001298099100,peripheral,0.150000000000,9,0.184891825789,"Недостаточно признаков: вход 1 gid, выход 0 gid, depth=3; наблюдение ограничено"
100000001299323100,peripheral,0.150000000000,5,0.334327839340,"Недостаточно признаков: вход 1 gid, выход 0 gid, depth=4; наблюдение ограничено"
100000001299443100,peripheral,0.150000000000,22,0.155641040684,"Недостаточно признаков: вход 1 gid, выход 0 gid, depth=4; наблюдение ограничено"
100000001299828100,peripheral,0.150000000000,0,0.265645527000,"Недостаточно признаков: вход 1 gid, выход 0 gid, depth=4; наблюдение ограничено"
100000001303311100,consolidator,0.818192429737,20,0.578572073805,"5 плательщиков, 5 входящих tx, вход 1324000.00 KZT; признаки консолидации, вход неполон"
100000001307612100,peripheral,0.150000000000,7,0.303817192706,"Недостаточно признаков: вход 1 gid, выход 0 gid, depth=1; наблюдение ограничено"
100000001308856100,peripheral,0.150000000000,18,0.205573745933,"Недостаточно признаков: вход 1 gid, выход 0 gid, depth=2; наблюдение ограничено"
100000001311175100,peripheral,0.150000000000,13,0.306740188284,"Недостаточно признаков: вход 1 gid, выход 0 gid, depth=4; наблюдение ограничено"
100000001317336100,peripheral,0.150000000000,32,0.455022429164,"Недостаточно признаков: вход 1 gid, выход 2 gid, depth=3; наблюдение ограничено"
100000001325618100,peripheral,0.150000000000,22,0.157973925385,"Недостаточно признаков: вход 1 gid, выход 0 gid, depth=4; наблюдение ограничено"
100000001329153100,peripheral,0.150000000000,0,0.345857673346,"Недостаточно признаков: вход 1 gid, выход 0 gid, depth=3; наблюдение ограничено"
100000001330595100,consolidator,0.794611287398,74,0.448665761345,"3 плательщиков, 6 входящих tx, вход 87000.00 KZT; признаки консолидации, вход неполон"
100000001330685100,consolidator,0.797963508613,4,0.707403769456,"3 плательщиков, 7 входящих tx, вход 2435923.00 KZT; признаки консолидации, вход неполон"
100000001339466100,peripheral,0.150000000000,1,0.306467776703,"Недостаточно признаков: вход 1 gid, выход 0 gid, depth=2; наблюдение ограничено"
100000001346560100,peripheral,0.150000000000,1,0.508149423417,"Недостаточно признаков: вход 2 gid, выход 1 gid, depth=2; наблюдение ограничено"
100000001362940100,peripheral,0.150000000000,1,0.454121733601,"Недостаточно признаков: вход 1 gid, выход 0 gid, depth=1; наблюдение ограничено"
100000001363952100,peripheral,0.150000000000,3,0.538725860182,"Недостаточно признаков: вход 2 gid, выход 1 gid, depth=1; наблюдение ограничено"
100000001373265100,peripheral,0.150000000000,3,0.330359332550,"Недостаточно признаков: вход 1 gid, выход 1 gid, depth=3; наблюдение ограничено"
100000001378288100,peripheral,0.150000000000,3,0.301984692546,"Недостаточно признаков: вход 1 gid, выход 0 gid, depth=4; наблюдение ограничено"
100000001379511100,peripheral,0.150000000000,5,0.241329690302,"Недостаточно признаков: вход 1 gid, выход 0 gid, depth=3; наблюдение ограничено"
100000001380054100,peripheral,0.150000000000,42,0.595705422517,"Недостаточно признаков: вход 2 gid, выход 3 gid, depth=1; наблюдение ограничено"
100000001380107100,peripheral,0.150000000000,55,0.216786340910,"Недостаточно признаков: вход 1 gid, выход 0 gid, depth=3; наблюдение ограничено"
100000001380986100,peripheral,0.150000000000,19,0.250571502774,"Недостаточно признаков: вход 1 gid, выход 0 gid, depth=2; наблюдение ограничено"
100000001382002100,transit,0.467570789866,0,0.265478841587,"Вход 55000.00, выход 56500.00 KZT, r=1.027; сходство объёмов, порядок не известен"
100000001384826100,peripheral,0.150000000000,4,0.460055516752,"Недостаточно признаков: вход 1 gid, выход 1 gid, depth=3; наблюдение ограничено"
100000001386612100,peripheral,0.150000000000,23,0.342223721072,"Недостаточно признаков: вход 1 gid, выход 0 gid, depth=2; наблюдение ограничено"
100000001389255100,peripheral,0.150000000000,7,0.261286910068,"Недостаточно признаков: вход 1 gid, выход 0 gid, depth=1; наблюдение ограничено"
100000001411870100,terminal,0.479193109701,8,0.594062693575,"2 плательщиков, 2 даты входа, последний день 23; r=0.000, исходящие вне выборки неизвестны"
100000001415126100,peripheral,0.150000000000,23,0.270263236379,"Недостаточно признаков: вход 1 gid, выход 0 gid, depth=0; наблюдение ограничено"
100000001418900100,terminal,0.447914777879,18,0.222935791693,"1 плательщиков, 2 даты входа, последний день 28; r=0.000, исходящие вне выборки неизвестны"
100000001420847100,peripheral,0.150000000000,21,0.187942521168,"Недостаточно признаков: вход 1 gid, выход 0 gid, depth=2; наблюдение ограничено"
100000001427082100,peripheral,0.150000000000,24,0.493133196476,"Недостаточно признаков: вход 1 gid, выход 5 gid, depth=3; наблюдение ограничено"
100000001429930100,peripheral,0.150000000000,14,0.267347130501,"Недостаточно признаков: вход 1 gid, выход 0 gid, depth=0; наблюдение ограничено"
100000001439416100,peripheral,0.150000000000,0,0.380822607568,"Недостаточно признаков: вход 1 gid, выход 2 gid, depth=3; наблюдение ограничено"
100000001445848100,peripheral,0.150000000000,36,0.346860627141,"Недостаточно признаков: вход 1 gid, выход 1 gid, depth=3; наблюдение ограничено"
100000001463701100,peripheral,0.150000000000,10,0.646988443605,"Недостаточно признаков: вход 2 gid, выход 0 gid, depth=1; наблюдение ограничено"
100000001471706100,peripheral,0.150000000000,23,0.313065894878,"Недостаточно признаков: вход 1 gid, выход 0 gid, depth=4; наблюдение ограничено"
100000001477796100,peripheral,0.150000000000,1,0.370842764711,"Недостаточно признаков: вход 1 gid, выход 0 gid, depth=1; наблюдение ограничено"
100000001484381100,terminal,0.479193109701,9,0.441220772150,"2 плательщиков, 3 даты входа, последний день 20; r=0.000, исходящие вне выборки неизвестны"
100000001490461100,peripheral,0.150000000000,9,0.322776657109,"Недостаточно признаков: вход 1 gid, выход 1 gid, depth=2; наблюдение ограничено"
100000001498732100,peripheral,0.150000000000,31,0.150975271280,"Недостаточно признаков: вход 1 gid, выход 0 gid, depth=4; наблюдение ограничено"
100000001524952100,peripheral,0.150000000000,0,0.351372150086,"Недостаточно признаков: вход 1 gid, выход 0 gid, depth=1; наблюдение ограничено"
100000001526235100,consolidator,0.784496826836,27,0.625666725076,"3 плательщиков, 4 входящих tx, вход 82000.00 KZT; признаки консолидации, вход неполон"
100000001527186100,peripheral,0.150000000000,1,0.526037390847,"Недостаточно признаков: вход 1 gid, выход 0 gid, depth=1; наблюдение ограничено"
100000001530709100,peripheral,0.150000000000,0,0.304763012063,"Недостаточно признаков: вход 1 gid, выход 0 gid, depth=3; наблюдение ограничено"
100000001530740100,peripheral,0.150000000000,2,0.173765760289,"Недостаточно признаков: вход 1 gid, выход 0 gid, depth=2; наблюдение ограничено"
100000001530983100,consolidator,0.804590888486,2,0.956483694417,"4 плательщиков, 4 входящих tx, вход 564158.00 KZT; признаки консолидации, вход неполон"
100000001533161100,peripheral,0.150000000000,45,0.265645527000,"Недостаточно признаков: вход 1 gid, выход 0 gid, depth=4; наблюдение ограничено"
100000001534244100,peripheral,0.150000000000,5,0.559809212485,"Недостаточно признаков: вход 2 gid, выход 1 gid, depth=3; наблюдение ограничено"
100000001537524100,peripheral,0.150000000000,13,0.280450372223,"Недостаточно признаков: вход 1 gid, выход 0 gid, depth=4; наблюдение ограничено"
100000001538095100,peripheral,0.150000000000,13,0.513360709513,"Недостаточно признаков: вход 2 gid, выход 0 gid, depth=3; наблюдение ограничено"
100000001541418100,terminal,0.447914777879,19,0.441489951154,"2 плательщиков, 2 даты входа, последний день 18; r=0.000, исходящие вне выборки неизвестны"
100000001549194100,peripheral,0.150000000000,15,0.229037182451,"Недостаточно признаков: вход 1 gid, выход 0 gid, depth=3; наблюдение ограничено"
100000001550388100,peripheral,0.150000000000,0,0.318038816752,"Недостаточно признаков: вход 1 gid, выход 0 gid, depth=1; наблюдение ограничено"
100000001550419100,peripheral,0.150000000000,15,0.194268227763,"Недостаточно признаков: вход 1 gid, выход 0 gid, depth=3; наблюдение ограничено"
100000001554432100,peripheral,0.150000000000,1,0.438643940869,"Недостаточно признаков: вход 1 gid, выход 0 gid, depth=1; наблюдение ограничено"
100000001557930100,peripheral,0.150000000000,8,0.216654948266,"Недостаточно признаков: вход 1 gid, выход 0 gid, depth=2; наблюдение ограничено"
100000001567366100,terminal,0.479193109701,2,0.479228980146,"1 плательщиков, 4 даты входа, последний день 21; r=0.000, исходящие вне выборки неизвестны"
100000001578517100,peripheral,0.150000000000,2,0.325775101543,"Недостаточно признаков: вход 1 gid, выход 0 gid, depth=2; наблюдение ограничено"
100000001584286100,terminal,0.469582955576,13,0.566465947931,"2 плательщиков, 2 даты входа, последний день 17; r=0.000, исходящие вне выборки неизвестны"
100000001590795100,peripheral,0.150000000000,22,0.149449923591,"Недостаточно признаков: вход 1 gid, выход 0 gid, depth=4; наблюдение ограничено"
100000001597424100,peripheral,0.150000000000,15,0.231190614484,"Недостаточно признаков: вход 1 gid, выход 0 gid, depth=3; наблюдение ограничено"
100000001597505100,peripheral,0.150000000000,33,0.248321750847,"Недостаточно признаков: вход 1 gid, выход 1 gid, depth=2; наблюдение ограничено"
100000001598625100,peripheral,0.150000000000,3,0.200010713183,"Недостаточно признаков: вход 1 gid, выход 0 gid, depth=4; наблюдение ограничено"
100000001600934100,terminal,0.264886491689,3,0.310342008927,"1 плательщиков, 2 даты входа, последний день 21; r=0.061, исходящие вне выборки неизвестны"
100000001601320100,peripheral,0.150000000000,11,0.373290495670,"Недостаточно признаков: вход 2 gid, выход 1 gid, depth=2; наблюдение ограничено"
100000001609499100,consolidator,0.772243880326,0,0.721516380545,"3 плательщиков, 3 входящих tx, вход 263113.00 KZT; признаки консолидации, вход неполон"
100000001611488100,terminal,0.469582955576,4,0.540144020415,"2 плательщиков, 3 даты входа, последний день 28; r=0.000, исходящие вне выборки неизвестны"
100000001616816100,consolidator,0.833335222121,8,0.705354124132,"5 плательщиков, 12 входящих tx, вход 176195.00 KZT; признаки консолидации, вход неполон"
100000001632325100,terminal,0.469582955576,6,0.257839335883,"1 плательщиков, 2 даты входа, последний день 7; r=0.000, исходящие вне выборки неизвестны"
100000001633685100,consolidator,0.772243880326,0,0.457053067156,"3 плательщиков, 3 входящих tx, вход 45000.00 KZT; признаки консолидации, вход неполон"
100000001637376100,peripheral,0.150000000000,4,0.444218818681,"Недостаточно признаков: вход 1 gid, выход 1 gid, depth=3; наблюдение ограничено"
100000001639766100,peripheral,0.150000000000,8,0.187942521168,"Недостаточно признаков: вход 1 gid, выход 0 gid, depth=3; наблюдение ограничено"
100000001641789100,peripheral,0.150000000000,8,0.388951500027,"Недостаточно признаков: вход 1 gid, выход 0 gid, depth=1; наблюдение ограничено"
100000001641951100,terminal,0.479193109701,1,0.327439057132,"1 плательщиков, 4 даты входа, последний день 28; r=0.000, исходящие вне выборки неизвестны"
100000001648936100,peripheral,0.150000000000,8,0.261069483932,"Недостаточно признаков: вход 1 gid, выход 0 gid, depth=2; наблюдение ограничено"
100000001650895100,peripheral,0.150000000000,9,0.352030639072,"Недостаточно признаков: вход 1 gid, выход 1 gid, depth=3; наблюдение ограничено"
100000001660397100,transit,0.501846884142,0,0.590536983418,"Вход 48600.00, выход 49000.00 KZT, r=1.008; сходство объёмов, порядок не известен"
100000001669260100,peripheral,0.150000000000,3,0.321545033506,"Недостаточно признаков: вход 1 gid, выход 0 gid, depth=4; наблюдение ограничено"
100000001674850100,peripheral,0.150000000000,5,0.475496231998,"Недостаточно признаков: вход 2 gid, выход 0 gid, depth=3; наблюдение ограничено"
100000001677389100,peripheral,0.150000000000,17,0.217034971850,"Недостаточно признаков: вход 1 gid, выход 1 gid, depth=3; наблюдение ограничено"
100000001677929100,consolidator,0.772243880326,11,0.504157006563,"3 плательщиков, 3 входящих tx, вход 126777.00 KZT; признаки консолидации, вход неполон"
100000001680944100,peripheral,0.150000000000,20,0.410415735428,"Недостаточно признаков: вход 1 gid, выход 0 gid, depth=3; наблюдение ограничено"
100000001684867100,peripheral,0.150000000000,2,0.360162134026,"Недостаточно признаков: вход 1 gid, выход 0 gid, depth=1; наблюдение ограничено"
100000001686328100,peripheral,0.150000000000,5,0.342313483126,"Недостаточно признаков: вход 1 gid, выход 0 gid, depth=3; наблюдение ограничено"
100000001688676100,peripheral,0.150000000000,21,0.275784602819,"Недостаточно признаков: вход 1 gid, выход 0 gid, depth=3; наблюдение ограничено"
100000001689968100,consolidator,0.772243880326,4,0.540543421575,"3 плательщиков, 3 входящих tx, вход 344333.75 KZT; признаки консолидации, вход неполон"
100000001690439100,peripheral,0.150000000000,4,0.171477738755,"Недостаточно признаков: вход 1 gid, выход 0 gid, depth=3; наблюдение ограничено"
100000001690558100,peripheral,0.150000000000,21,0.329440950957,"Недостаточно признаков: вход 1 gid, выход 0 gid, depth=3; наблюдение ограничено"
100000001696818100,peripheral,0.150000000000,1,0.322794312490,"Недостаточно признаков: вход 1 gid, выход 0 gid, depth=1; наблюдение ограничено"
100000001697501100,distributor,0.836772334294,18,0.737721457734,"38 получателей, 55 исходящих tx, выход 1482606.00 KZT; веер исходящих переводов"
100000001703168100,peripheral,0.150000000000,1,0.376026840044,"Недостаточно признаков: вход 1 gid, выход 1 gid, depth=2; наблюдение ограничено"
100000001714173100,terminal,0.487126019946,20,0.423067148618,"1 плательщиков, 3 даты входа, последний день 13; r=0.000, исходящие вне выборки неизвестны"
100000001714413100,peripheral,0.150000000000,4,0.396149248214,"Недостаточно признаков: вход 1 gid, выход 0 gid, depth=3; наблюдение ограничено"
100000001714883100,peripheral,0.150000000000,22,0.153667061321,"Недостаточно признаков: вход 1 gid, выход 0 gid, depth=4; наблюдение ограничено"
100000001716579100,peripheral,0.150000000000,7,0.253480718951,"Недостаточно признаков: вход 1 gid, выход 0 gid, depth=1; наблюдение ограничено"
100000001724740100,peripheral,0.150000000000,5,0.288077110670,"Недостаточно признаков: вход 1 gid, выход 0 gid, depth=4; наблюдение ограничено"
100000001726614100,peripheral,0.150000000000,0,0.277040771505,"Недостаточно признаков: вход 1 gid, выход 0 gid, depth=3; наблюдение ограничено"
100000001732159100,peripheral,0.150000000000,31,0.844080632241,"Недостаточно признаков: вход 2 gid, выход 4 gid, depth=0; наблюдение ограничено"
100000001733216100,peripheral,0.150000000000,0,0.309249328797,"Недостаточно признаков: вход 1 gid, выход 0 gid, depth=4; наблюдение ограничено"
100000001733687100,peripheral,0.150000000000,5,0.371429678729,"Недостаточно признаков: вход 1 gid, выход 0 gid, depth=3; наблюдение ограничено"
100000001737722100,peripheral,0.150000000000,1,0.310056865809,"Недостаточно признаков: вход 1 gid, выход 0 gid, depth=2; наблюдение ограничено"
100000001740277100,peripheral,0.150000000000,11,0.179879918303,"Недостаточно признаков: вход 1 gid, выход 1 gid, depth=3; наблюдение ограничено"
100000001745217100,peripheral,0.150000000000,0,0.234824531038,"Недостаточно признаков: вход 1 gid, выход 0 gid, depth=3; наблюдение ограничено"
100000001746925100,peripheral,0.150000000000,1,0.546388189710,"Недостаточно признаков: вход 1 gid, выход 1 gid, depth=1; наблюдение ограничено"
100000001782980100,peripheral,0.150000000000,75,0.353695856486,"Недостаточно признаков: вход 1 gid, выход 1 gid, depth=2; наблюдение ограничено"
100000001784279100,peripheral,0.150000000000,0,0.218270022290,"Недостаточно признаков: вход 1 gid, выход 0 gid, depth=3; наблюдение ограничено"
100000001785161100,peripheral,0.150000000000,30,0.323996512750,"Недостаточно признаков: вход 2 gid, выход 0 gid, depth=3; наблюдение ограничено"
100000001788284100,peripheral,0.150000000000,27,0.455557386600,"Недостаточно признаков: вход 1 gid, выход 5 gid, depth=3; наблюдение ограничено"
100000001805543100,peripheral,0.150000000000,2,0.391745803834,"Недостаточно признаков: вход 1 gid, выход 0 gid, depth=1; наблюдение ограничено"
100000001808684100,peripheral,0.150000000000,8,0.254442502421,"Недостаточно признаков: вход 1 gid, выход 1 gid, depth=3; наблюдение ограничено"
100000001816678100,peripheral,0.150000000000,1,0.340698373383,"Недостаточно признаков: вход 1 gid, выход 0 gid, depth=4; наблюдение ограничено"
100000001818442100,peripheral,0.150000000000,9,0.224371413048,"Недостаточно признаков: вход 1 gid, выход 0 gid, depth=3; наблюдение ограничено"
100000001819396100,peripheral,0.150000000000,28,0.284757236287,"Недостаточно признаков: вход 1 gid, выход 0 gid, depth=3; наблюдение ограничено"
100000001822623100,peripheral,0.150000000000,25,0.292742880074,"Недостаточно признаков: вход 1 gid, выход 0 gid, depth=2; наблюдение ограничено"
100000001822650100,peripheral,0.150000000000,5,0.335584008025,"Недостаточно признаков: вход 1 gid, выход 0 gid, depth=4; наблюдение ограничено"
100000001825934100,peripheral,0.150000000000,38,0.294392179279,"Недостаточно признаков: вход 1 gid, выход 1 gid, depth=3; наблюдение ограничено"
100000001831496100,peripheral,0.150000000000,10,0.349918624955,"Недостаточно признаков: вход 1 gid, выход 1 gid, depth=3; наблюдение ограничено"
100000001835625100,peripheral,0.150000000000,4,0.348773743504,"Недостаточно признаков: вход 1 gid, выход 0 gid, depth=3; наблюдение ограничено"
100000001837130100,peripheral,0.150000000000,0,0.286462036646,"Недостаточно признаков: вход 1 gid, выход 0 gid, depth=3; наблюдение ограничено"
100000001845505100,peripheral,0.150000000000,3,0.252632011614,"Недостаточно признаков: вход 1 gid, выход 0 gid, depth=4; наблюдение ограничено"
100000001848426100,peripheral,0.150000000000,8,0.262774284291,"Недостаточно признаков: вход 1 gid, выход 0 gid, depth=2; наблюдение ограничено"
100000001851289100,peripheral,0.150000000000,2,0.417676714556,"Недостаточно признаков: вход 1 gid, выход 0 gid, depth=1; наблюдение ограничено"
100000001852140100,peripheral,0.150000000000,76,0.210329241671,"Недостаточно признаков: вход 1 gid, выход 0 gid, depth=3; наблюдение ограничено"
100000001853812100,peripheral,0.150000000000,3,0.249763965762,"Недостаточно признаков: вход 1 gid, выход 0 gid, depth=3; наблюдение ограничено"
100000001857829100,consolidator,0.833951722575,3,0.776267063560,"6 плательщиков, 9 входящих tx, вход 888535.00 KZT; признаки консолидации, вход неполон"
100000001860090100,peripheral,0.150000000000,8,0.147834849567,"Недостаточно признаков: вход 1 gid, выход 0 gid, depth=3; наблюдение ограничено"
100000001870116100,peripheral,0.150000000000,7,0.280353756187,"Недостаточно признаков: вход 1 gid, выход 0 gid, depth=1; наблюдение ограничено"
100000001872484100,peripheral,0.150000000000,56,0.491317786781,"Недостаточно признаков: вход 1 gid, выход 3 gid, depth=1; наблюдение ограничено"
100000001875167100,peripheral,0.150000000000,4,0.429751760552,"Недостаточно признаков: вход 1 gid, выход 0 gid, depth=3; наблюдение ограничено"
100000001875239100,consolidator,0.772243880326,5,0.577885739686,"3 плательщиков, 3 входящих tx, вход 712000.00 KZT; признаки консолидации, вход неполон"
100000001884825100,consolidator,0.772243880326,5,0.550951676398,"3 плательщиков, 3 входящих tx, вход 495000.00 KZT; признаки консолидации, вход неполон"
100000001887715100,consolidator,0.784496826836,20,0.606889413332,"3 плательщиков, 4 входящих tx, вход 1331500.00 KZT; признаки консолидации, вход неполон"
100000001893287100,peripheral,0.150000000000,8,0.304509797172,"Недостаточно признаков: вход 1 gid, выход 1 gid, depth=3; наблюдение ограничено"
100000001899164100,consolidator,0.810775158658,12,0.803538853356,"4 плательщиков, 5 входящих tx, вход 291675.00 KZT; признаки консолидации, вход неполон"
100000001904863100,peripheral,0.150000000000,15,0.417683568537,"Недостаточно признаков: вход 1 gid, выход 0 gid, depth=2; наблюдение ограничено"
100000001924185100,terminal,0.447914777879,10,0.692532095691,"2 плательщиков, 2 даты входа, последний день 21; r=0.000, исходящие вне выборки неизвестны"
100000001927599100,peripheral,0.150000000000,9,0.467106819705,"Недостаточно признаков: вход 2 gid, выход 0 gid, depth=3; наблюдение ограничено"
100000001929088100,peripheral,0.150000000000,11,0.663171438689,"Недостаточно признаков: вход 2 gid, выход 0 gid, depth=1; наблюдение ограничено"
100000001934935100,peripheral,0.150000000000,0,0.337154218882,"Недостаточно признаков: вход 1 gid, выход 0 gid, depth=3; наблюдение ограничено"
100000001937767100,peripheral,0.150000000000,15,0.689888950403,"Недостаточно признаков: вход 1 gid, выход 4 gid, depth=1; наблюдение ограничено"
100000001952325100,terminal,0.447914777879,7,0.337464568210,"1 плательщиков, 2 даты входа, последний день 27; r=0.000, исходящие вне выборки неизвестны"
100000001953577100,peripheral,0.150000000000,7,0.259582109709,"Недостаточно признаков: вход 1 gid, выход 0 gid, depth=1; наблюдение ограничено"
100000001954534100,peripheral,0.150000000000,0,0.283341347588,"Недостаточно признаков: вход 1 gid, выход 1 gid, depth=3; наблюдение ограничено"
100000001954903100,peripheral,0.150000000000,10,0.206156967108,"Недостаточно признаков: вход 1 gid, выход 0 gid, depth=2; наблюдение ограничено"
100000001957974100,peripheral,0.150000000000,15,0.321545033506,"Недостаточно признаков: вход 1 gid, выход 0 gid, depth=4; наблюдение ограничено"
100000001960517100,peripheral,0.150000000000,8,0.439749392887,"Недостаточно признаков: вход 1 gid, выход 0 gid, depth=1; наблюдение ограничено"
100000001961048100,peripheral,0.150000000000,30,0.376588907254,"Недостаточно признаков: вход 1 gid, выход 0 gid, depth=2; наблюдение ограничено"
100000001965374100,peripheral,0.150000000000,26,0.541428703601,"Недостаточно признаков: вход 2 gid, выход 3 gid, depth=2; наблюдение ограничено"
100000001969496100,peripheral,0.150000000000,15,0.193774732922,"Недостаточно признаков: вход 1 gid, выход 0 gid, depth=3; наблюдение ограничено"
100000001985793100,peripheral,0.150000000000,8,0.315937137588,"Недостаточно признаков: вход 1 gid, выход 0 gid, depth=2; наблюдение ограничено"
100000001987030100,peripheral,0.150000000000,16,0.592463983582,"Недостаточно признаков: вход 2 gid, выход 1 gid, depth=1; наблюдение ограничено"
100000001991973100,peripheral,0.150000000000,22,0.190903490213,"Недостаточно признаков: вход 1 gid, выход 0 gid, depth=4; наблюдение ограничено"
100000002015633100,peripheral,0.150000000000,4,0.358464187649,"Недостаточно признаков: вход 1 gid, выход 0 gid, depth=3; наблюдение ограничено"
100000002028158100,peripheral,0.150000000000,16,0.312972935967,"Недостаточно признаков: вход 1 gid, выход 0 gid, depth=2; наблюдение ограничено"
100000002032323100,peripheral,0.150000000000,5,0.395364676435,"Недостаточно признаков: вход 1 gid, выход 1 gid, depth=3; наблюдение ограничено"
100000002087788100,peripheral,0.150000000000,4,0.363399136057,"Недостаточно признаков: вход 1 gid, выход 0 gid, depth=2; наблюдение ограничено"
100000002095257100,peripheral,0.150000000000,12,0.221138068142,"Недостаточно признаков: вход 1 gid, выход 0 gid, depth=3; наблюдение ограничено"
100000002103448100,peripheral,0.150000000000,6,0.205573745933,"Недостаточно признаков: вход 1 gid, выход 0 gid, depth=3; наблюдение ограничено"
100000002109656100,peripheral,0.150000000000,13,0.386234523951,"Недостаточно признаков: вход 1 gid, выход 0 gid, depth=3; наблюдение ограничено"
100000002116705100,peripheral,0.150000000000,6,0.181841130410,"Недостаточно признаков: вход 1 gid, выход 0 gid, depth=3; наблюдение ограничено"
100000002119762100,peripheral,0.150000000000,4,0.350119638524,"Недостаточно признаков: вход 1 gid, выход 0 gid, depth=4; наблюдение ограничено"
100000002121357100,peripheral,0.150000000000,5,0.579145201889,"Недостаточно признаков: вход 2 gid, выход 1 gid, depth=3; наблюдение ограничено"
100000002126791100,peripheral,0.150000000000,5,0.401532864014,"Недостаточно признаков: вход 1 gid, выход 0 gid, depth=4; наблюдение ограничено"
100000002130400100,peripheral,0.150000000000,38,0.161473252438,"Недостаточно признаков: вход 1 gid, выход 0 gid, depth=4; наблюдение ограничено"
100000002132479100,peripheral,0.150000000000,15,0.329450485636,"Недостаточно признаков: вход 1 gid, выход 1 gid, depth=2; наблюдение ограничено"
100000002152857100,peripheral,0.150000000000,8,0.589197273229,"Недостаточно признаков: вход 1 gid, выход 5 gid, depth=1; наблюдение ограничено"
100000002156381100,peripheral,0.150000000000,34,0.558494086949,"Недостаточно признаков: вход 2 gid, выход 1 gid, depth=2; наблюдение ограничено"
100000002158488100,peripheral,0.150000000000,7,0.296997991270,"Недостаточно признаков: вход 1 gid, выход 0 gid, depth=1; наблюдение ограничено"
100000002170580100,peripheral,0.150000000000,10,0.280450372223,"Недостаточно признаков: вход 1 gid, выход 0 gid, depth=2; наблюдение ограничено"
100000002173070100,peripheral,0.150000000000,2,0.325775101543,"Недостаточно признаков: вход 1 gid, выход 0 gid, depth=2; наблюдение ограничено"
100000002173161100,consolidator,0.790681097008,2,0.650944786697,"3 плательщиков, 5 входящих tx, вход 1427500.00 KZT; признаки консолидации, вход неполон"
100000002175422100,consolidator,0.790681097008,32,0.705238354268,"3 плательщиков, 5 входящих tx, вход 68500.00 KZT; признаки консолидации, вход неполон"
100000002182176100,peripheral,0.150000000000,0,0.307765151432,"Недостаточно признаков: вход 1 gid, выход 0 gid, depth=1; наблюдение ограничено"
100000002184107100,peripheral,0.150000000000,36,0.152635208472,"Недостаточно признаков: вход 1 gid, выход 0 gid, depth=3; наблюдение ограничено"
100000002185328100,peripheral,0.150000000000,24,0.387939193172,"Недостаточно признаков: вход 1 gid, выход 4 gid, depth=3; наблюдение ограничено"
100000002188586100,peripheral,0.150000000000,9,0.285202671103,"Недостаточно признаков: вход 1 gid, выход 0 gid, depth=4; наблюдение ограничено"
100000002188829100,peripheral,0.150000000000,1,0.513610293494,"Недостаточно признаков: вход 1 gid, выход 0 gid, depth=1; наблюдение ограничено"
100000002193259100,peripheral,0.150000000000,12,0.611723305695,"Недостаточно признаков: вход 2 gid, выход 3 gid, depth=2; наблюдение ограничено"
100000002194320100,peripheral,0.150000000000,58,0.302837092725,"Недостаточно признаков: вход 1 gid, выход 0 gid, depth=4; наблюдение ограничено"
100000002194329100,peripheral,0.150000000000,0,0.266360140820,"Недостаточно признаков: вход 1 gid, выход 0 gid, depth=3; наблюдение ограничено"
100000002199091100,peripheral,0.150000000000,18,0.247251628391,"Недостаточно признаков: вход 1 gid, выход 0 gid, depth=2; наблюдение ограничено"
100000002205022100,peripheral,0.150000000000,55,0.572622438470,"Недостаточно признаков: вход 1 gid, выход 3 gid, depth=2; наблюдение ограничено"
100000002208836100,peripheral,0.150000000000,4,0.355862123943,"Недостаточно признаков: вход 1 gid, выход 0 gid, depth=4; наблюдение ограничено"
100000002211413100,peripheral,0.150000000000,7,0.302516160853,"Недостаточно признаков: вход 1 gid, выход 0 gid, depth=1; наблюдение ограничено"
100000002212494100,peripheral,0.150000000000,32,0.283142162263,"Недостаточно признаков: вход 1 gid, выход 0 gid, depth=3; наблюдение ограничено"
100000002214207100,peripheral,0.150000000000,38,0.263312642299,"Недостаточно признаков: вход 1 gid, выход 0 gid, depth=4; наблюдение ограничено"
100000002214301100,peripheral,0.150000000000,0,0.372062830508,"Недостаточно признаков: вход 1 gid, выход 1 gid, depth=1; наблюдение ограничено"
100000002214383100,peripheral,0.150000000000,77,0.293685006588,"Недостаточно признаков: вход 1 gid, выход 0 gid, depth=4; наблюдение ограничено"
100000002214570100,peripheral,0.150000000000,7,0.288025357802,"Недостаточно признаков: вход 1 gid, выход 0 gid, depth=1; наблюдение ограничено"
100000002214664100,peripheral,0.150000000000,78,0.288085496465,"Недостаточно признаков: вход 1 gid, выход 1 gid, depth=3; наблюдение ограничено"
100000002216999100,peripheral,0.150000000000,6,0.196107617624,"Недостаточно признаков: вход 1 gid, выход 0 gid, depth=3; наблюдение ограничено"
100000002217161100,peripheral,0.150000000000,36,0.680765723841,"Недостаточно признаков: вход 2 gid, выход 7 gid, depth=2; наблюдение ограничено"
100000002217806100,peripheral,0.150000000000,40,0.241329690302,"Недостаточно признаков: вход 1 gid, выход 0 gid, depth=4; наблюдение ограничено"
100000002224132100,consolidator,0.831659111514,26,0.654637539762,"5 плательщиков, 10 входящих tx, вход 3951020.00 KZT; признаки консолидации, вход неполон"
100000002227960100,peripheral,0.150000000000,24,0.161473252438,"Недостаточно признаков: вход 1 gid, выход 0 gid, depth=4; наблюдение ограничено"
100000002227989100,peripheral,0.150000000000,24,0.187942521168,"Недостаточно признаков: вход 1 gid, выход 0 gid, depth=4; наблюдение ограничено"
100000002229615100,peripheral,0.150000000000,24,0.264700203628,"Недостаточно признаков: вход 1 gid, выход 0 gid, depth=4; наблюдение ограничено"
100000002231144100,peripheral,0.150000000000,24,0.173765760289,"Недостаточно признаков: вход 1 gid, выход 0 gid, depth=4; наблюдение ограничено"
100000002232266100,peripheral,0.150000000000,3,0.227018339921,"Недостаточно признаков: вход 1 gid, выход 0 gid, depth=3; наблюдение ограничено"
100000002236528100,peripheral,0.150000000000,11,0.247879712734,"Недостаточно признаков: вход 1 gid, выход 0 gid, depth=3; наблюдение ограничено"
100000002241986100,peripheral,0.150000000000,41,0.601851813869,"Недостаточно признаков: вход 1 gid, выход 6 gid, depth=3; наблюдение ограничено"
100000002242066100,peripheral,0.150000000000,36,0.244559838351,"Недостаточно признаков: вход 1 gid, выход 0 gid, depth=4; наблюдение ограничено"
100000002242455100,peripheral,0.150000000000,4,0.366270378766,"Недостаточно признаков: вход 1 gid, выход 0 gid, depth=4; наблюдение ограничено"
100000002243354100,peripheral,0.150000000000,7,0.274207502262,"Недостаточно признаков: вход 1 gid, выход 0 gid, depth=1; наблюдение ограничено"
100000002255058100,terminal,0.447914777879,1,0.320737496493,"1 плательщиков, 2 даты входа, последний день 24; r=0.000, исходящие вне выборки неизвестны"
100000002257794100,peripheral,0.150000000000,74,0.282020583079,"Недостаточно признаков: вход 1 gid, выход 0 gid, depth=3; наблюдение ограничено"
100000002258492100,peripheral,0.150000000000,23,0.157435567377,"Недостаточно признаков: вход 1 gid, выход 0 gid, depth=4; наблюдение ограничено"
100000002267998100,peripheral,0.150000000000,25,0.650580438958,"Недостаточно признаков: вход 2 gid, выход 3 gid, depth=2; наблюдение ограничено"
100000002284426100,terminal,0.447914777879,4,0.355862123943,"1 плательщиков, 2 даты входа, последний день 21; r=0.000, исходящие вне выборки неизвестны"
100000002289937100,peripheral,0.150000000000,7,0.271156806883,"Недостаточно признаков: вход 1 gid, выход 0 gid, depth=1; наблюдение ограничено"
100000002293421100,transit,0.307792519356,0,0.437650155495,"Вход 41000.00, выход 47000.00 KZT, r=1.146; сходство объёмов, порядок не известен"
100000002299948100,peripheral,0.150000000000,33,0.153442745484,"Недостаточно признаков: вход 1 gid, выход 0 gid, depth=2; наблюдение ограничено"
100000002301828100,peripheral,0.150000000000,17,0.229575540459,"Недостаточно признаков: вход 1 gid, выход 0 gid, depth=3; наблюдение ограничено"
100000002304943100,peripheral,0.150000000000,24,0.173765760289,"Недостаточно признаков: вход 1 gid, выход 0 gid, depth=4; наблюдение ограничено"
100000002305007100,peripheral,0.150000000000,6,0.242361543151,"Недостаточно признаков: вход 1 gid, выход 0 gid, depth=3; наблюдение ограничено"
100000002305477100,peripheral,0.150000000000,24,0.187942521168,"Недостаточно признаков: вход 1 gid, выход 0 gid, depth=4; наблюдение ограничено"
100000002306369100,peripheral,0.150000000000,1,0.538943217978,"Недостаточно признаков: вход 1 gid, выход 6 gid, depth=1; наблюдение ограничено"
100000002308091100,peripheral,0.150000000000,13,0.288346289674,"Недостаточно признаков: вход 1 gid, выход 0 gid, depth=3; наблюдение ограничено"
100000002320495100,peripheral,0.150000000000,17,0.169997254232,"Недостаточно признаков: вход 1 gid, выход 0 gid, depth=4; наблюдение ограничено"
100000002324543100,peripheral,0.150000000000,19,0.295203464577,"Недостаточно признаков: вход 1 gid, выход 0 gid, depth=1; наблюдение ограничено"
100000002335358100,terminal,0.447914777879,2,0.277623992680,"1 плательщиков, 2 даты входа, последний день 4; r=0.000, исходящие вне выборки неизвестны"
100000002340562100,terminal,0.447914777879,11,0.219077559302,"1 плательщиков, 2 даты входа, последний день 19; r=0.000, исходящие вне выборки неизвестны"
100000002343825100,consolidator,0.784496826836,5,0.658091396957,"3 плательщиков, 4 входящих tx, вход 350000.00 KZT; признаки консолидации, вход неполон"
100000002346166100,peripheral,0.150000000000,6,0.152096850464,"Недостаточно признаков: вход 1 gid, выход 0 gid, depth=3; наблюдение ограничено"
100000002356167100,peripheral,0.150000000000,4,0.513210544362,"Недостаточно признаков: вход 1 gid, выход 2 gid, depth=3; наблюдение ограничено"
100000002369443100,peripheral,0.150000000000,6,0.234824531038,"Недостаточно признаков: вход 1 gid, выход 0 gid, depth=3; наблюдение ограничено"
100000002369454100,peripheral,0.150000000000,3,0.200010713183,"Недостаточно признаков: вход 1 gid, выход 0 gid, depth=4; наблюдение ограничено"
100000002369510100,peripheral,0.150000000000,6,0.219481327808,"Недостаточно признаков: вход 1 gid, выход 0 gid, depth=3; наблюдение ограничено"
100000002369874100,consolidator,0.804590888486,5,0.583636832692,"4 плательщиков, 4 входящих tx, вход 600000.00 KZT; признаки консолидации, вход неполон"
100000002371751100,peripheral,0.150000000000,63,0.406632409985,"Недостаточно признаков: вход 1 gid, выход 1 gid, depth=1; наблюдение ограничено"
100000002371892100,peripheral,0.150000000000,51,0.225268676395,"Недостаточно признаков: вход 1 gid, выход 0 gid, depth=4; наблюдение ограничено"
100000002373144100,peripheral,0.150000000000,0,0.280561216803,"Недостаточно признаков: вход 1 gid, выход 1 gid, depth=3; наблюдение ограничено"
100000002373386100,peripheral,0.150000000000,6,0.197139470473,"Недостаточно признаков: вход 1 gid, выход 0 gid, depth=3; наблюдение ограничено"
100000002380341100,peripheral,0.150000000000,0,0.242944764327,"Недостаточно признаков: вход 1 gid, выход 0 gid, depth=3; наблюдение ограничено"
100000002391278100,peripheral,0.150000000000,8,0.261530882861,"Недостаточно признаков: вход 1 gid, выход 1 gid, depth=3; наблюдение ограничено"
100000002394199100,peripheral,0.150000000000,11,0.326133843830,"Недостаточно признаков: вход 1 gid, выход 1 gid, depth=3; наблюдение ограничено"
100000002398779100,consolidator,0.847938576609,0,0.651768283272,"13 плательщиков, 28 входящих tx, вход 1095690.00 KZT; признаки консолидации, вход неполон"
100000002404112100,peripheral,0.150000000000,28,0.244559838351,"Недостаточно признаков: вход 1 gid, выход 0 gid, depth=4; наблюдение ограничено"
100000002432143100,peripheral,0.150000000000,1,0.351734712548,"Недостаточно признаков: вход 1 gid, выход 0 gid, depth=2; наблюдение ограничено"
100000002433697100,peripheral,0.150000000000,4,0.422774224693,"Недостаточно признаков: вход 1 gid, выход 1 gid, depth=3; наблюдение ограничено"
100000002435265100,terminal,0.469582955576,0,0.340204914261,"1 плательщиков, 3 даты входа, последний день 21; r=0.000, исходящие вне выборки неизвестны"
100000002443664100,consolidator,0.772243880326,13,0.573937780960,"3 плательщиков, 3 входящих tx, вход 556880.00 KZT; признаки консолидации, вход неполон"
100000002445750100,peripheral,0.150000000000,0,0.373496265309,"Недостаточно признаков: вход 1 gid, выход 1 gid, depth=2; наблюдение ограничено"
100000002448088100,consolidator,0.772243880326,24,0.465402143163,"3 плательщиков, 3 входящих tx, вход 20000.00 KZT; признаки консолидации, вход неполон"
100000002454724100,terminal,0.469582955576,30,0.370173474325,"1 плательщиков, 3 даты входа, последний день 15; r=0.000, исходящие вне выборки неизвестны"
100000002457464100,peripheral,0.150000000000,1,0.312928108519,"Недостаточно признаков: вход 1 gid, выход 0 gid, depth=2; наблюдение ограничено"
100000002459093100,peripheral,0.150000000000,8,0.354294019568,"Недостаточно признаков: вход 1 gid, выход 1 gid, depth=2; наблюдение ограничено"
100000002459163100,peripheral,0.150000000000,56,0.190275405870,"Недостаточно признаков: вход 1 gid, выход 0 gid, depth=2; наблюдение ограничено"
100000002459164100,peripheral,0.150000000000,0,0.187942521168,"Недостаточно признаков: вход 1 gid, выход 0 gid, depth=3; наблюдение ограничено"
100000002459240100,peripheral,0.150000000000,4,0.376588907254,"Недостаточно признаков: вход 1 gid, выход 0 gid, depth=3; наблюдение ограничено"
100000002459832100,terminal,0.447914777879,3,0.510668955192,"2 плательщиков, 2 даты входа, последний день 23; r=0.000, исходящие вне выборки неизвестны"
100000002462183100,terminal,0.469582955576,46,0.352359139767,"1 плательщиков, 3 даты входа, последний день 13; r=0.000, исходящие вне выборки неизвестны"
100000002469065100,peripheral,0.150000000000,2,0.407291476599,"Недостаточно признаков: вход 1 gid, выход 0 gid, depth=2; наблюдение ограничено"
100000002472632100,terminal,0.350156203983,27,0.500713762053,"2 плательщиков, 2 даты входа, последний день 21; r=0.040, исходящие вне выборки неизвестны"
100000002474570100,peripheral,0.150000000000,22,0.153442745484,"Недостаточно признаков: вход 1 gid, выход 0 gid, depth=4; наблюдение ограничено"
100000002475601100,peripheral,0.150000000000,3,0.296152480791,"Недостаточно признаков: вход 1 gid, выход 0 gid, depth=3; наблюдение ограничено"
100000002478829100,peripheral,0.150000000000,24,0.280581764867,"Недостаточно признаков: вход 1 gid, выход 0 gid, depth=4; наблюдение ограничено"
100000002479804100,peripheral,0.150000000000,1,0.381336475134,"Недостаточно признаков: вход 1 gid, выход 2 gid, depth=1; наблюдение ограничено"
100000002480800100,peripheral,0.150000000000,1,0.637102598220,"Недостаточно признаков: вход 2 gid, выход 0 gid, depth=1; наблюдение ограничено"
100000002481735100,terminal,0.447914777879,2,0.193505553918,"1 плательщиков, 2 даты входа, последний день 29; r=0.000, исходящие вне выборки неизвестны"
100000002481974100,peripheral,0.150000000000,3,0.599470799928,"Недостаточно признаков: вход 2 gid, выход 2 gid, depth=3; наблюдение ограничено"
100000002487222100,peripheral,0.150000000000,4,0.355862123943,"Недостаточно признаков: вход 1 gid, выход 0 gid, depth=4; наблюдение ограничено"
100000002488629100,peripheral,0.150000000000,8,0.251513629288,"Недостаточно признаков: вход 1 gid, выход 0 gid, depth=2; наблюдение ограничено"
100000002489253100,peripheral,0.150000000000,2,0.237247142074,"Недостаточно признаков: вход 1 gid, выход 0 gid, depth=2; наблюдение ограничено"
100000002492277100,peripheral,0.150000000000,1,0.341640535616,"Недостаточно признаков: вход 1 gid, выход 0 gid, depth=2; наблюдение ограничено"
100000002505277100,peripheral,0.150000000000,0,0.309249328797,"Недостаточно признаков: вход 1 gid, выход 0 gid, depth=4; наблюдение ограничено"
100000002506987100,peripheral,0.150000000000,9,0.271474541897,"Недостаточно признаков: вход 1 gid, выход 0 gid, depth=4; наблюдение ограничено"
100000002508637100,peripheral,0.150000000000,3,0.337644354469,"Недостаточно признаков: вход 1 gid, выход 1 gid, depth=3; наблюдение ограничено"
100000002509598100,peripheral,0.150000000000,13,0.372326942076,"Недостаточно признаков: вход 1 gid, выход 0 gid, depth=3; наблюдение ограничено"
100000002511581100,peripheral,0.150000000000,6,0.181841130410,"Недостаточно признаков: вход 1 gid, выход 0 gid, depth=3; наблюдение ограничено"
100000002511825100,peripheral,0.150000000000,0,0.330465914105,"Недостаточно признаков: вход 1 gid, выход 0 gid, depth=1; наблюдение ограничено"
100000002512742100,peripheral,0.150000000000,22,0.152096850464,"Недостаточно признаков: вход 1 gid, выход 0 gid, depth=4; наблюдение ограничено"
100000002513028100,peripheral,0.150000000000,59,0.447980977435,"Недостаточно признаков: вход 1 gid, выход 3 gid, depth=3; наблюдение ограничено"
100000002514975100,peripheral,0.150000000000,28,0.182424351585,"Недостаточно признаков: вход 1 gid, выход 0 gid, depth=4; наблюдение ограничено"
100000002516862100,peripheral,0.150000000000,59,0.255865356520,"Недостаточно признаков: вход 1 gid, выход 0 gid, depth=4; наблюдение ограничено"
100000002521039100,peripheral,0.150000000000,0,0.375557090125,"Недостаточно признаков: вход 1 gid, выход 0 gid, depth=3; наблюдение ограничено"
100000002527114100,distributor,0.847427953890,7,0.614598754817,"111 получателей, 113 исходящих tx, выход 3289249.00 KZT; веер исходящих переводов"
100000002528544100,peripheral,0.150000000000,3,0.289781911029,"Недостаточно признаков: вход 1 gid, выход 0 gid, depth=3; наблюдение ограничено"
100000002528978100,peripheral,0.150000000000,9,0.241775125118,"Недостаточно признаков: вход 1 gid, выход 0 gid, depth=4; наблюдение ограничено"
100000002529877100,peripheral,0.150000000000,13,0.296062754457,"Недостаточно признаков: вход 1 gid, выход 0 gid, depth=4; наблюдение ограничено"
100000002529880100,peripheral,0.150000000000,5,0.457999596735,"Недостаточно признаков: вход 2 gid, выход 0 gid, depth=3; наблюдение ограничено"
100000002530224100,peripheral,0.150000000000,5,0.271388012420,"Недостаточно признаков: вход 1 gid, выход 0 gid, depth=3; наблюдение ограничено"
100000002531406100,peripheral,0.150000000000,3,0.352763241862,"Недостаточно признаков: вход 1 gid, выход 1 gid, depth=3; наблюдение ограничено"
100000002534091100,peripheral,0.150000000000,3,0.257925865360,"Недостаточно признаков: вход 1 gid, выход 0 gid, depth=3; наблюдение ограничено"
100000002537811100,peripheral,0.150000000000,10,0.427395191007,"Недостаточно признаков: вход 1 gid, выход 1 gid, depth=3; наблюдение ограничено"
100000002539625100,peripheral,0.150000000000,5,0.262056473613,"Недостаточно признаков: вход 1 gid, выход 0 gid, depth=2; наблюдение ограничено"
100000002540033100,peripheral,0.150000000000,20,0.161473252438,"Недостаточно признаков: вход 1 gid, выход 0 gid, depth=4; наблюдение ограничено"
100000002540623100,peripheral,0.150000000000,10,0.265645527000,"Недостаточно признаков: вход 1 gid, выход 0 gid, depth=2; наблюдение ограничено"
100000002546921100,peripheral,0.150000000000,15,0.187942521168,"Недостаточно признаков: вход 1 gid, выход 0 gid, depth=3; наблюдение ограничено"
100000002547110100,consolidator,0.835570036265,5,0.581920119857,"6 плательщиков, 10 входящих tx, вход 1500000.00 KZT; признаки консолидации, вход неполон"
100000002548759100,peripheral,0.150000000000,5,0.522692248320,"Недостаточно признаков: вход 2 gid, выход 0 gid, depth=3; наблюдение ограничено"
100000002550141100,peripheral,0.150000000000,3,0.267350327359,"Недостаточно признаков: вход 1 gid, выход 0 gid, depth=3; наблюдение ограничено"
100000002554175100,peripheral,0.150000000000,9,0.198261049656,"Недостаточно признаков: вход 1 gid, выход 0 gid, depth=3; наблюдение ограничено"
100000002556775100,peripheral,0.150000000000,4,0.402878723315,"Недостаточно признаков: вход 1 gid, выход 0 gid, depth=3; наблюдение ограничено"
100000002558173100,peripheral,0.150000000000,33,0.157973925385,"Недостаточно признаков: вход 1 gid, выход 0 gid, depth=2; наблюдение ограничено"
100000002559089100,peripheral,0.150000000000,13,0.442300685024,"Недостаточно признаков: вход 2 gid, выход 0 gid, depth=3; наблюдение ограничено"
100000002565277100,peripheral,0.150000000000,1,0.518859284072,"Недостаточно признаков: вход 1 gid, выход 0 gid, depth=1; наблюдение ограничено"
100000002566204100,peripheral,0.150000000000,10,0.255326998512,"Недостаточно признаков: вход 1 gid, выход 0 gid, depth=2; наблюдение ограничено"
100000002567887100,peripheral,0.150000000000,4,0.333071634935,"Недостаточно признаков: вход 1 gid, выход 0 gid, depth=3; наблюдение ограничено"
100000002570206100,terminal,0.447914777879,17,0.463293450481,"2 плательщиков, 2 даты входа, последний день 23; r=0.000, исходящие вне выборки неизвестны"
100000002575080100,peripheral,0.150000000000,16,0.328872319993,"Недостаточно признаков: вход 1 gid, выход 1 gid, depth=3; наблюдение ограничено"
100000002578405100,distributor,0.848652737752,6,0.639535538181,"116 получателей, 120 исходящих tx, выход 3108352.00 KZT; веер исходящих переводов"
100000002578653100,peripheral,0.150000000000,47,0.187942521168,"Недостаточно признаков: вход 1 gid, выход 0 gid, depth=3; наблюдение ограничено"
100000002580377100,peripheral,0.150000000000,2,0.419671812165,"Недостаточно признаков: вход 1 gid, выход 1 gid, depth=1; наблюдение ограничено"
100000002581346100,peripheral,0.150000000000,4,0.380985497654,"Недостаточно признаков: вход 1 gid, выход 0 gid, depth=3; наблюдение ограничено"
100000002589019100,peripheral,0.150000000000,12,0.299958960315,"Недостаточно признаков: вход 1 gid, выход 0 gid, depth=1; наблюдение ограничено"
100000002591469100,peripheral,0.150000000000,11,0.380084577183,"Недостаточно признаков: вход 1 gid, выход 0 gid, depth=1; наблюдение ограничено"
100000002592567100,peripheral,0.150000000000,2,0.527745235995,"Недостаточно признаков: вход 1 gid, выход 2 gid, depth=1; наблюдение ограничено"
100000002593038100,peripheral,0.150000000000,12,0.322814132499,"Недостаточно признаков: вход 1 gid, выход 0 gid, depth=2; наблюдение ограничено"
100000002593344100,peripheral,0.150000000000,5,0.526685070213,"Недостаточно признаков: вход 2 gid, выход 0 gid, depth=3; наблюдение ограничено"
100000002594214100,peripheral,0.150000000000,41,0.429751760552,"Недостаточно признаков: вход 1 gid, выход 0 gid, depth=4; наблюдение ограничено"
100000002596035100,peripheral,0.150000000000,10,0.502634766066,"Недостаточно признаков: вход 1 gid, выход 0 gid, depth=1; наблюдение ограничено"
100000002596039100,peripheral,0.150000000000,3,0.303554903402,"Недостаточно признаков: вход 1 gid, выход 0 gid, depth=4; наблюдение ограничено"
100000002597003100,peripheral,0.150000000000,0,0.316938355815,"Недостаточно признаков: вход 1 gid, выход 1 gid, depth=1; наблюдение ограничено"
100000002597074100,peripheral,0.150000000000,0,0.220330531130,"Недостаточно признаков: вход 1 gid, выход 0 gid, depth=4; наблюдение ограничено"
100000002597623100,peripheral,0.150000000000,0,0.243121020138,"Недостаточно признаков: вход 1 gid, выход 0 gid, depth=3; наблюдение ограничено"
100000002599729100,peripheral,0.150000000000,0,0.311941118837,"Недостаточно признаков: вход 1 gid, выход 0 gid, depth=4; наблюдение ограничено"
100000002600345100,terminal,0.447914777879,2,0.500029494832,"2 плательщиков, 2 даты входа, последний день 8; r=0.000, исходящие вне выборки неизвестны"
100000002603371100,peripheral,0.150000000000,0,0.157973925385,"Недостаточно признаков: вход 1 gid, выход 0 gid, depth=3; наблюдение ограничено"
100000002603478100,peripheral,0.150000000000,12,0.278424639992,"Недостаточно признаков: вход 1 gid, выход 0 gid, depth=1; наблюдение ограничено"
100000002603769100,consolidator,0.772243880326,0,0.648881080999,"3 плательщиков, 3 входящих tx, вход 1185368.00 KZT; признаки консолидации, вход неполон"
100000002605184100,peripheral,0.150000000000,16,0.277623992680,"Недостаточно признаков: вход 1 gid, выход 0 gid, depth=2; наблюдение ограничено"
100000002605308100,consolidator,0.797963508613,15,0.592331679570,"3 плательщиков, 7 входящих tx, вход 2569521.84 KZT; признаки консолидации, вход неполон"
100000002605548100,terminal,0.447914777879,10,0.594723532317,"2 плательщиков, 2 даты входа, последний день 20; r=0.000, исходящие вне выборки неизвестны"
100000002606567100,peripheral,0.150000000000,0,0.373779988834,"Недостаточно признаков: вход 1 gid, выход 1 gid, depth=1; наблюдение ограничено"
100000002609774100,peripheral,0.150000000000,9,0.463360223612,"Недостаточно признаков: вход 1 gid, выход 1 gid, depth=1; наблюдение ограничено"
100000002611334100,peripheral,0.150000000000,0,0.282894101505,"Недостаточно признаков: вход 1 gid, выход 1 gid, depth=3; наблюдение ограничено"
100000002612809100,peripheral,0.150000000000,38,0.355621459440,"Недостаточно признаков: вход 1 gid, выход 3 gid, depth=3; наблюдение ограничено"
100000002613776100,terminal,0.447914777879,1,0.275018732117,"1 плательщиков, 2 даты входа, последний день 11; r=0.000, исходящие вне выборки неизвестны"
100000002613929100,peripheral,0.150000000000,19,0.207547725296,"Недостаточно признаков: вход 1 gid, выход 0 gid, depth=3; наблюдение ограничено"
100000002614095100,peripheral,0.150000000000,6,0.150167734268,"Недостаточно признаков: вход 1 gid, выход 0 gid, depth=3; наблюдение ограничено"
100000002615479100,peripheral,0.150000000000,19,0.377886281983,"Недостаточно признаков: вход 1 gid, выход 0 gid, depth=1; наблюдение ограничено"
100000002618492100,terminal,0.447914777879,10,0.628505497323,"2 плательщиков, 2 даты входа, последний день 21; r=0.000, исходящие вне выборки неизвестны"
100000002621434100,peripheral,0.150000000000,5,0.255461588014,"Недостаточно признаков: вход 1 gid, выход 0 gid, depth=3; наблюдение ограничено"
100000002621915100,peripheral,0.150000000000,2,0.147834849567,"Недостаточно признаков: вход 1 gid, выход 0 gid, depth=2; наблюдение ограничено"
100000002621949100,peripheral,0.150000000000,1,0.482520118527,"Недостаточно признаков: вход 1 gid, выход 0 gid, depth=1; наблюдение ограничено"
100000002622822100,peripheral,0.150000000000,20,0.329710129961,"Недостаточно признаков: вход 1 gid, выход 0 gid, depth=4; наблюдение ограничено"
100000002628146100,peripheral,0.150000000000,33,0.212168631532,"Недостаточно признаков: вход 1 gid, выход 0 gid, depth=2; наблюдение ограничено"
100000002628576100,peripheral,0.150000000000,4,0.649399125445,"Недостаточно признаков: вход 2 gid, выход 2 gid, depth=3; наблюдение ограничено"
100000002632742100,peripheral,0.150000000000,5,0.506586371245,"Недостаточно признаков: вход 2 gid, выход 0 gid, depth=3; наблюдение ограничено"
100000002633108100,terminal,0.469582955576,15,0.308624441312,"1 плательщиков, 3 даты входа, последний день 16; r=0.000, исходящие вне выборки неизвестны"
100000002633701100,peripheral,0.150000000000,19,0.301805239876,"Недостаточно признаков: вход 1 gid, выход 0 gid, depth=2; наблюдение ограничено"
100000002635746100,peripheral,0.150000000000,22,0.150167734268,"Недостаточно признаков: вход 1 gid, выход 0 gid, depth=4; наблюдение ограничено"
100000002635780100,peripheral,0.150000000000,11,0.283590793936,"Недостаточно признаков: вход 1 gid, выход 0 gid, depth=2; наблюдение ограничено"
100000002644285100,peripheral,0.150000000000,13,0.386234523951,"Недостаточно признаков: вход 1 gid, выход 0 gid, depth=3; наблюдение ограничено"
100000002645046100,peripheral,0.150000000000,22,0.166811969351,"Недостаточно признаков: вход 1 gid, выход 0 gid, depth=4; наблюдение ограничено"
100000002645609100,consolidator,0.810775158658,0,0.614210495951,"4 плательщиков, 5 входящих tx, вход 546820.68 KZT; признаки консолидации, вход неполон"
100000002645993100,peripheral,0.150000000000,0,0.592369207439,"Недостаточно признаков: вход 2 gid, выход 5 gid, depth=3; наблюдение ограничено"
100000002646745100,peripheral,0.150000000000,6,0.167754095865,"Недостаточно признаков: вход 1 gid, выход 0 gid, depth=3; наблюдение ограничено"
100000002646887100,peripheral,0.150000000000,5,0.197991870652,"Недостаточно признаков: вход 1 gid, выход 0 gid, depth=3; наблюдение ограничено"
100000002648315100,peripheral,0.150000000000,11,0.417552772522,"Недостаточно признаков: вход 1 gid, выход 2 gid, depth=1; наблюдение ограничено"
100000002653187100,peripheral,0.150000000000,12,0.173765760289,"Недостаточно признаков: вход 1 gid, выход 0 gid, depth=4; наблюдение ограничено"
100000002653948100,peripheral,0.150000000000,4,0.353888144581,"Недостаточно признаков: вход 1 gid, выход 0 gid, depth=3; наблюдение ограничено"
100000002659103100,peripheral,0.150000000000,45,0.284263741446,"Недостаточно признаков: вход 1 gid, выход 0 gid, depth=4; наблюдение ограничено"
100000002659265100,peripheral,0.150000000000,5,0.278252077023,"Недостаточно признаков: вход 1 gid, выход 0 gid, depth=4; наблюдение ограничено"
100000002660298100,peripheral,0.150000000000,9,0.277217027316,"Недостаточно признаков: вход 1 gid, выход 0 gid, depth=4; наблюдение ограничено"
100000002662768100,peripheral,0.150000000000,1,0.340335810920,"Недостаточно признаков: вход 1 gid, выход 0 gid, depth=1; наблюдение ограничено"
100000002663511100,peripheral,0.150000000000,0,0.302164145215,"Недостаточно признаков: вход 1 gid, выход 0 gid, depth=3; наблюдение ограничено"
100000002666248100,peripheral,0.150000000000,1,0.449141922027,"Недостаточно признаков: вход 1 gid, выход 0 gid, depth=1; наблюдение ограничено"
100000002670463100,peripheral,0.150000000000,22,0.213424800217,"Недостаточно признаков: вход 1 gid, выход 0 gid, depth=4; наблюдение ограничено"
100000002670860100,terminal,0.447914777879,13,0.611020935111,"2 плательщиков, 2 даты входа, последний день 21; r=0.000, исходящие вне выборки неизвестны"
100000002670960100,peripheral,0.150000000000,13,0.384798902597,"Недостаточно признаков: вход 1 gid, выход 0 gid, depth=3; наблюдение ограничено"
100000002671326100,peripheral,0.150000000000,5,0.334151583528,"Недостаточно признаков: вход 1 gid, выход 0 gid, depth=4; наблюдение ограничено"
100000002671806100,peripheral,0.150000000000,12,0.251237560584,"Недостаточно признаков: вход 1 gid, выход 0 gid, depth=1; наблюдение ограничено"
100000002677201100,peripheral,0.150000000000,5,0.348675151273,"Недостаточно признаков: вход 1 gid, выход 1 gid, depth=3; наблюдение ограничено"
100000002679516100,consolidator,0.772243880326,12,0.600355296823,"3 плательщиков, 3 входящих tx, вход 102335.00 KZT; признаки консолидации, вход неполон"
100000002680477100,peripheral,0.150000000000,13,0.200010713183,"Недостаточно признаков: вход 1 gid, выход 0 gid, depth=2; наблюдение ограничено"
100000002681449100,peripheral,0.150000000000,31,0.549846908624,"Недостаточно признаков: вход 2 gid, выход 2 gid, depth=1; наблюдение ограничено"
100000002681544100,peripheral,0.150000000000,11,0.398334781031,"Недостаточно признаков: вход 2 gid, выход 0 gid, depth=3; наблюдение ограничено"
100000002686226100,peripheral,0.150000000000,17,0.316699811433,"Недостаточно признаков: вход 1 gid, выход 0 gid, depth=4; наблюдение ограничено"
100000002689717100,peripheral,0.150000000000,9,0.295700652260,"Недостаточно признаков: вход 1 gid, выход 0 gid, depth=4; наблюдение ограничено"
100000002691583100,peripheral,0.150000000000,28,0.304227850912,"Недостаточно признаков: вход 1 gid, выход 0 gid, depth=3; наблюдение ограничено"
100000002691858100,peripheral,0.150000000000,33,0.237740636915,"Недостаточно признаков: вход 1 gid, выход 0 gid, depth=2; наблюдение ограничено"
100000002692044100,peripheral,0.150000000000,12,0.346526928013,"Недостаточно признаков: вход 1 gid, выход 0 gid, depth=1; наблюдение ограничено"
100000002692750100,consolidator,0.772243880326,8,0.564787354726,"3 плательщиков, 3 входящих tx, вход 112830.00 KZT; признаки консолидации, вход неполон"
100000002695812100,peripheral,0.150000000000,9,0.327239458900,"Недостаточно признаков: вход 1 gid, выход 0 gid, depth=4; наблюдение ограничено"
100000002696152100,peripheral,0.150000000000,34,0.414616317623,"Недостаточно признаков: вход 1 gid, выход 2 gid, depth=3; наблюдение ограничено"
100000002697752100,terminal,0.447914777879,3,0.467690040880,"2 плательщиков, 2 даты входа, последний день 10; r=0.000, исходящие вне выборки неизвестны"
100000002700161100,peripheral,0.150000000000,50,0.220872085995,"Недостаточно признаков: вход 1 gid, выход 0 gid, depth=4; наблюдение ограничено"
100000002702968100,peripheral,0.150000000000,9,0.278293743332,"Недостаточно признаков: вход 1 gid, выход 0 gid, depth=4; наблюдение ограничено"
100000002703376100,peripheral,0.150000000000,0,0.293816399232,"Недостаточно признаков: вход 1 gid, выход 0 gid, depth=2; наблюдение ограничено"
100000002704875100,consolidator,0.784496826836,3,0.639133021974,"3 плательщиков, 4 входящих tx, вход 244891.00 KZT; признаки консолидации, вход неполон"
100000002705460100,peripheral,0.150000000000,2,0.262549968454,"Недостаточно признаков: вход 1 gid, выход 0 gid, depth=3; наблюдение ограничено"
100000002706810100,peripheral,0.150000000000,22,0.227018339921,"Недостаточно признаков: вход 1 gid, выход 0 gid, depth=4; наблюдение ограничено"
100000002707106100,peripheral,0.150000000000,15,0.173765760289,"Недостаточно признаков: вход 1 gid, выход 0 gid, depth=4; наблюдение ограничено"
100000002708624100,peripheral,0.150000000000,27,0.200010713183,"Недостаточно признаков: вход 1 gid, выход 0 gid, depth=3; наблюдение ограничено"
100000002710570100,peripheral,0.150000000000,32,0.359765255221,"Недостаточно признаков: вход 1 gid, выход 0 gid, depth=2; наблюдение ограничено"
100000002712416100,terminal,0.447914777879,13,0.501129227714,"2 плательщиков, 2 даты входа, последний день 22; r=0.000, исходящие вне выборки неизвестны"
100000002713074100,peripheral,0.150000000000,17,0.493420950870,"Недостаточно признаков: вход 2 gid, выход 1 gid, depth=3; наблюдение ограничено"
100000002713974100,peripheral,0.150000000000,3,0.234824531038,"Недостаточно признаков: вход 1 gid, выход 0 gid, depth=4; наблюдение ограничено"
100000002718366100,consolidator,0.835570036265,5,0.613356448450,"6 плательщиков, 10 входящих tx, вход 2525000.00 KZT; признаки консолидации, вход неполон"
100000002720627100,peripheral,0.150000000000,10,0.497610091324,"Недостаточно признаков: вход 1 gid, выход 0 gid, depth=1; наблюдение ограничено"
100000002721825100,peripheral,0.150000000000,0,0.165421211164,"Недостаточно признаков: вход 1 gid, выход 0 gid, depth=2; наблюдение ограничено"
100000002722108100,terminal,0.447914777879,13,0.395476336423,"1 плательщиков, 2 даты входа, последний день 20; r=0.000, исходящие вне выборки неизвестны"
100000002723439100,peripheral,0.150000000000,34,0.183276751765,"Недостаточно признаков: вход 1 gid, выход 0 gid, depth=4; наблюдение ограничено"
100000002723538100,distributor,0.776819164265,3,0.702244378572,"12 получателей, 14 исходящих tx, выход 560499.00 KZT; веер исходящих переводов"
100000002723674100,peripheral,0.150000000000,24,0.210329241671,"Недостаточно признаков: вход 1 gid, выход 0 gid, depth=4; наблюдение ограничено"
100000002726055100,peripheral,0.150000000000,24,0.161473252438,"Недостаточно признаков: вход 1 gid, выход 0 gid, depth=4; наблюдение ограничено"
100000002727288100,peripheral,0.150000000000,16,0.273762527712,"Недостаточно признаков: вход 1 gid, выход 0 gid, depth=3; наблюдение ограничено"
100000002728246100,peripheral,0.150000000000,4,0.257611787470,"Недостаточно признаков: вход 1 gid, выход 0 gid, depth=4; наблюдение ограничено"
100000002729875100,peripheral,0.150000000000,9,0.317863056926,"Недостаточно признаков: вход 1 gid, выход 0 gid, depth=4; наблюдение ограничено"
100000002731501100,consolidator,0.797963508613,60,0.654941120303,"3 плательщиков, 7 входящих tx, вход 570370.00 KZT; признаки консолидации, вход неполон"
100000002733083100,peripheral,0.150000000000,9,0.239846008922,"Недостаточно признаков: вход 1 gid, выход 0 gid, depth=4; наблюдение ограничено"
100000002733905100,consolidator,0.790681097008,18,0.532467013296,"3 плательщиков, 5 входящих tx, вход 100000.00 KZT; признаки консолидации, вход неполон"
100000002734815100,peripheral,0.150000000000,5,0.270131843734,"Недостаточно признаков: вход 1 gid, выход 0 gid, depth=4; наблюдение ограничено"
100000002736033100,peripheral,0.150000000000,17,0.267999529948,"Недостаточно признаков: вход 1 gid, выход 1 gid, depth=3; наблюдение ограничено"
100000002736316100,consolidator,0.772243880326,0,0.531929693446,"3 плательщиков, 3 входящих tx, вход 266921.00 KZT; признаки консолидации, вход неполон"
100000002737980100,peripheral,0.150000000000,2,0.279460185683,"Недостаточно признаков: вход 1 gid, выход 0 gid, depth=3; наблюдение ограничено"
100000002738256100,peripheral,0.150000000000,52,0.309534471914,"Недостаточно признаков: вход 1 gid, выход 1 gid, depth=2; наблюдение ограничено"
100000002741024100,consolidator,0.830040797824,0,0.735496954804,"5 плательщиков, 9 входящих tx, вход 817980.85 KZT; признаки консолидации, вход неполон"
100000002742067100,peripheral,0.150000000000,16,0.264700167909,"Недостаточно признаков: вход 1 gid, выход 0 gid, depth=2; наблюдение ограничено"
100000002744581100,peripheral,0.150000000000,11,0.166811969351,"Недостаточно признаков: вход 1 gid, выход 0 gid, depth=2; наблюдение ограничено"
100000002748040100,peripheral,0.150000000000,9,0.247966242211,"Недостаточно признаков: вход 1 gid, выход 0 gid, depth=4; наблюдение ограничено"
100000002748180100,peripheral,0.150000000000,13,0.520541230463,"Недостаточно признаков: вход 1 gid, выход 8 gid, depth=1; наблюдение ограничено"
100000002748511100,peripheral,0.150000000000,2,0.187942521168,"Недостаточно признаков: вход 1 gid, выход 0 gid, depth=4; наблюдение ограничено"
100000002748532100,consolidator,0.772243880326,20,0.684104566967,"3 плательщиков, 3 входящих tx, вход 355575.00 KZT; признаки консолидации, вход неполон"
100000002748581100,peripheral,0.150000000000,15,0.223743328705,"Недостаточно признаков: вход 1 gid, выход 0 gid, depth=3; наблюдение ограничено"
100000002748761100,terminal,0.469582955576,13,0.395386610089,"1 плательщиков, 2 даты входа, последний день 11; r=0.000, исходящие вне выборки неизвестны"
100000002750332100,peripheral,0.150000000000,19,0.249263581221,"Недостаточно признаков: вход 1 gid, выход 0 gid, depth=1; наблюдение ограничено"
100000002750956100,peripheral,0.150000000000,0,0.314135721194,"Недостаточно признаков: вход 1 gid, выход 0 gid, depth=1; наблюдение ограничено"
100000002752565100,peripheral,0.150000000000,3,0.307320212601,"Недостаточно признаков: вход 1 gid, выход 0 gid, depth=4; наблюдение ограничено"
100000002753146100,terminal,0.469582955576,13,0.395566062758,"1 плательщиков, 2 даты входа, последний день 20; r=0.000, исходящие вне выборки неизвестны"
100000002755292100,peripheral,0.150000000000,4,0.389060867775,"Недостаточно признаков: вход 1 gid, выход 0 gid, depth=3; наблюдение ограничено"
100000002757240100,peripheral,0.150000000000,1,0.333699719278,"Недостаточно признаков: вход 1 gid, выход 0 gid, depth=2; наблюдение ограничено"
100000002757791100,peripheral,0.150000000000,8,0.251513629288,"Недостаточно признаков: вход 1 gid, выход 0 gid, depth=3; наблюдение ограничено"
100000002757797100,peripheral,0.150000000000,12,0.348859812715,"Недостаточно признаков: вход 1 gid, выход 0 gid, depth=1; наблюдение ограничено"
100000002760175100,peripheral,0.150000000000,10,0.495097753953,"Недостаточно признаков: вход 1 gid, выход 0 gid, depth=1; наблюдение ограничено"
100000002762076100,peripheral,0.150000000000,11,0.652550811420,"Недостаточно признаков: вход 2 gid, выход 1 gid, depth=1; наблюдение ограничено"
100000002769809100,peripheral,0.150000000000,21,0.271567465089,"Недостаточно признаков: вход 1 gid, выход 0 gid, depth=3; наблюдение ограничено"
100000002773323100,peripheral,0.150000000000,5,0.613528063710,"Недостаточно признаков: вход 2 gid, выход 1 gid, depth=3; наблюдение ограничено"
100000002774456100,peripheral,0.150000000000,10,0.443415385177,"Недостаточно признаков: вход 1 gid, выход 0 gid, depth=1; наблюдение ограничено"
100000002778085100,peripheral,0.150000000000,2,0.396052667898,"Недостаточно признаков: вход 1 gid, выход 0 gid, depth=1; наблюдение ограничено"
100000002779485100,terminal,0.447914777879,3,0.260441399589,"1 плательщиков, 2 даты входа, последний день 12; r=0.000, исходящие вне выборки неизвестны"
100000002781227100,transit,0.387551612847,64,0.640089063264,"Вход 191167.62, выход 212420.00 KZT, r=1.111; сходство объёмов, порядок не известен"
100000002784085100,peripheral,0.150000000000,19,0.375059902441,"Недостаточно признаков: вход 1 gid, выход 0 gid, depth=1; наблюдение ограничено"
100000002791494100,peripheral,0.150000000000,9,0.322618552664,"Недостаточно признаков: вход 1 gid, выход 0 gid, depth=4; наблюдение ограничено"
100000002793851100,peripheral,0.150000000000,2,0.313683892663,"Недостаточно признаков: вход 1 gid, выход 0 gid, depth=1; наблюдение ограничено"
100000002793881100,consolidator,0.772243880326,5,0.579769992715,"3 плательщиков, 3 входящих tx, вход 785600.00 KZT; признаки консолидации, вход неполон"
100000002794197100,peripheral,0.150000000000,11,0.295113738242,"Недостаточно признаков: вход 1 gid, выход 0 gid, depth=1; наблюдение ограничено"
100000002794374100,peripheral,0.150000000000,48,0.270670201742,"Недостаточно признаков: вход 1 gid, выход 0 gid, depth=4; наблюдение ограничено"
100000002796853100,peripheral,0.150000000000,64,0.313841335979,"Недостаточно признаков: вход 1 gid, выход 1 gid, depth=2; наблюдение ограничено"
100000002799941100,peripheral,0.150000000000,21,0.325851897570,"Недостаточно признаков: вход 1 gid, выход 0 gid, depth=3; наблюдение ограничено"
100000002807334100,peripheral,0.150000000000,4,0.336929867326,"Недостаточно признаков: вход 1 gid, выход 0 gid, depth=3; наблюдение ограничено"
100000002809568100,peripheral,0.150000000000,0,0.244687538152,"Недостаточно признаков: вход 1 gid, выход 0 gid, depth=1; наблюдение ограничено"
100000002809896100,peripheral,0.150000000000,9,0.220333727987,"Недостаточно признаков: вход 1 gid, выход 0 gid, depth=3; наблюдение ограничено"
100000002810870100,peripheral,0.150000000000,7,0.298523338960,"Недостаточно признаков: вход 1 gid, выход 0 gid, depth=1; наблюдение ограничено"
100000002812641100,peripheral,0.150000000000,19,0.280594496403,"Недостаточно признаков: вход 1 gid, выход 1 gid, depth=2; наблюдение ограничено"
100000002815005100,peripheral,0.150000000000,5,0.384260544589,"Недостаточно признаков: вход 1 gid, выход 0 gid, depth=3; наблюдение ограничено"
100000002818726100,peripheral,0.150000000000,14,0.261200840857,"Недостаточно признаков: вход 1 gid, выход 0 gid, depth=3; наблюдение ограничено"
100000002820010100,peripheral,0.150000000000,8,0.210329241671,"Недостаточно признаков: вход 1 gid, выход 0 gid, depth=2; наблюдение ограничено"
100000002821425100,peripheral,0.150000000000,13,0.367526583171,"Недостаточно признаков: вход 1 gid, выход 0 gid, depth=3; наблюдение ограничено"
100000002822472100,terminal,0.447914777879,13,0.511431593318,"2 плательщиков, 2 даты входа, последний день 7; r=0.000, исходящие вне выборки неизвестны"
100000002824176100,peripheral,0.150000000000,8,0.427008253362,"Недостаточно признаков: вход 1 gid, выход 0 gid, depth=1; наблюдение ограничено"
100000002826669100,terminal,0.479193109701,0,0.379011518291,"1 плательщиков, 4 даты входа, последний день 16; r=0.000, исходящие вне выборки неизвестны"
100000002830055100,peripheral,0.150000000000,7,0.253974213791,"Недостаточно признаков: вход 1 gid, выход 0 gid, depth=1; наблюдение ограничено"
100000002831727100,peripheral,0.150000000000,21,0.305594864179,"Недостаточно признаков: вход 1 gid, выход 1 gid, depth=2; наблюдение ограничено"
100000002832753100,peripheral,0.150000000000,16,0.168202727539,"Недостаточно признаков: вход 1 gid, выход 0 gid, depth=4; наблюдение ограничено"
100000002835874100,peripheral,0.150000000000,5,0.308441791785,"Недостаточно признаков: вход 1 gid, выход 0 gid, depth=4; наблюдение ограничено"
100000002836052100,peripheral,0.150000000000,1,0.301194104238,"Недостаточно признаков: вход 1 gid, выход 0 gid, depth=2; наблюдение ограничено"
100000002836736100,peripheral,0.150000000000,8,0.615282936008,"Недостаточно признаков: вход 2 gid, выход 0 gid, depth=1; наблюдение ограничено"
100000002838519100,peripheral,0.150000000000,15,0.229396087790,"Недостаточно признаков: вход 1 gid, выход 0 gid, depth=3; наблюдение ограничено"
100000002838861100,consolidator,0.818192429737,19,0.814539092320,"5 плательщиков, 5 входящих tx, вход 554523.95 KZT; признаки консолидации, вход неполон"
100000002842321100,peripheral,0.150000000000,4,0.379280697295,"Недостаточно признаков: вход 1 gid, выход 0 gid, depth=3; наблюдение ограничено"
100000002842337100,peripheral,0.150000000000,11,0.234824531038,"Недостаточно признаков: вход 1 gid, выход 0 gid, depth=2; наблюдение ограничено"
100000002844652100,peripheral,0.150000000000,11,0.328850840081,"Недостаточно признаков: вход 1 gid, выход 0 gid, depth=1; наблюдение ограничено"
100000002844897100,peripheral,0.150000000000,19,0.248186865205,"Недостаточно признаков: вход 1 gid, выход 0 gid, depth=1; наблюдение ограничено"
100000002845605100,peripheral,0.150000000000,0,0.326248776376,"Недостаточно признаков: вход 1 gid, выход 0 gid, depth=1; наблюдение ограничено"
100000002847207100,peripheral,0.150000000000,1,0.427338422699,"Недостаточно признаков: вход 1 gid, выход 0 gid, depth=1; наблюдение ограничено"
100000002849158100,consolidator,0.772243880326,5,0.638191360655,"3 плательщиков, 3 входящих tx, вход 723000.00 KZT; признаки консолидации, вход неполон"
100000002852402100,peripheral,0.150000000000,16,0.241329690302,"Недостаточно признаков: вход 1 gid, выход 0 gid, depth=2; наблюдение ограничено"
100000002858835100,peripheral,0.150000000000,7,0.281295882701,"Недостаточно признаков: вход 1 gid, выход 0 gid, depth=1; наблюдение ограничено"
100000002860934100,peripheral,0.150000000000,29,0.303330587566,"Недостаточно признаков: вход 1 gid, выход 0 gid, depth=4; наблюдение ограничено"
100000002861485100,peripheral,0.150000000000,2,0.356393627970,"Недостаточно признаков: вход 1 gid, выход 0 gid, depth=1; наблюдение ограничено"
100000002862113100,terminal,0.447914777879,15,0.230831709145,"1 плательщиков, 2 даты входа, последний день 4; r=0.000, исходящие вне выборки неизвестны"
100000002863356100,peripheral,0.150000000000,18,0.261436775065,"Недостаточно признаков: вход 1 gid, выход 1 gid, depth=2; наблюдение ограничено"
100000002864256100,peripheral,0.150000000000,1,0.474983106414,"Недостаточно признаков: вход 1 gid, выход 0 gid, depth=1; наблюдение ограничено"
100000002864680100,peripheral,0.150000000000,12,0.325351513029,"Недостаточно признаков: вход 1 gid, выход 0 gid, depth=1; наблюдение ограничено"
100000002870463100,consolidator,0.784496826836,8,0.550909729831,"3 плательщиков, 4 входящих tx, вход 207000.00 KZT; признаки консолидации, вход неполон"
100000002870937100,peripheral,0.150000000000,11,0.340066631916,"Недостаточно признаков: вход 1 gid, выход 0 gid, depth=1; наблюдение ограничено"
100000002871199100,peripheral,0.150000000000,15,0.194671996269,"Недостаточно признаков: вход 1 gid, выход 0 gid, depth=3; наблюдение ограничено"
100000002872399100,terminal,0.493336355394,11,0.334645078369,"1 плательщиков, 8 даты входа, последний день 28; r=0.000, исходящие вне выборки неизвестны"
100000002876914100,peripheral,0.150000000000,22,0.166811969351,"Недостаточно признаков: вход 1 gid, выход 0 gid, depth=4; наблюдение ограничено"
100000002877262100,peripheral,0.150000000000,5,0.361784062032,"Недостаточно признаков: вход 1 gid, выход 0 gid, depth=3; наблюдение ограничено"
100000002878467100,terminal,0.447914777879,5,0.470202378251,"2 плательщиков, 2 даты входа, последний день 17; r=0.000, исходящие вне выборки неизвестны"
100000002878483100,peripheral,0.150000000000,22,0.152096850464,"Недостаточно признаков: вход 1 gid, выход 0 gid, depth=4; наблюдение ограничено"
100000002881669100,peripheral,0.150000000000,12,0.267522890328,"Недостаточно признаков: вход 1 gid, выход 0 gid, depth=1; наблюдение ограничено"
100000002883402100,consolidator,0.772243880326,5,0.556082240359,"3 плательщиков, 3 входящих tx, вход 300000.00 KZT; признаки консолидации, вход неполон"
100000002884708100,peripheral,0.150000000000,5,0.335497478548,"Недостаточно признаков: вход 1 gid, выход 0 gid, depth=4; наблюдение ограничено"
100000002886166100,terminal,0.469582955576,39,0.288077110670,"1 плательщиков, 2 даты входа, последний день 29; r=0.000, исходящие вне выборки неизвестны"
100000002890167100,peripheral,0.150000000000,2,0.420099325592,"Недостаточно признаков: вход 1 gid, выход 0 gid, depth=1; наблюдение ограничено"
100000002891765100,peripheral,0.150000000000,15,0.241957774645,"Недостаточно признаков: вход 1 gid, выход 0 gid, depth=3; наблюдение ограничено"
100000002893020100,peripheral,0.150000000000,9,0.184174015112,"Недостаточно признаков: вход 1 gid, выход 0 gid, depth=3; наблюдение ограничено"
100000002894076100,consolidator,0.814705349048,11,0.774333248660,"4 плательщиков, 6 входящих tx, вход 1122782.00 KZT; признаки консолидации, вход неполон"
100000002896506100,peripheral,0.150000000000,4,0.323156874953,"Недостаточно признаков: вход 1 gid, выход 0 gid, depth=4; наблюдение ограничено"
100000002901457100,peripheral,0.150000000000,0,0.515725507272,"Недостаточно признаков: вход 1 gid, выход 3 gid, depth=3; наблюдение ограничено"
100000002904919100,peripheral,0.150000000000,0,0.296891409715,"Недостаточно признаков: вход 1 gid, выход 1 gid, depth=3; наблюдение ограничено"
100000002906470100,peripheral,0.150000000000,21,0.275021928974,"Недостаточно признаков: вход 1 gid, выход 0 gid, depth=3; наблюдение ограничено"
100000002908521100,peripheral,0.150000000000,6,0.226031350240,"Недостаточно признаков: вход 1 gid, выход 0 gid, depth=3; наблюдение ограничено"
100000002911170100,terminal,0.447914777879,30,0.402878723315,"1 плательщиков, 2 даты входа, последний день 17; r=0.000, исходящие вне выборки неизвестны"
100000002913340100,peripheral,0.150000000000,6,0.195614122783,"Недостаточно признаков: вход 1 gid, выход 0 gid, depth=3; наблюдение ограничено"
100000002914245100,peripheral,0.150000000000,3,0.278117487521,"Недостаточно признаков: вход 1 gid, выход 0 gid, depth=3; наблюдение ограничено"
100000002916006100,peripheral,0.150000000000,23,0.090905544286,"Недостаточно признаков: вход 0 gid, выход 1 gid, depth=0; наблюдение ограничено"
100000002921047100,peripheral,0.150000000000,11,0.671735889577,"Недостаточно признаков: вход 2 gid, выход 1 gid, depth=1; наблюдение ограничено"
100000002922000100,peripheral,0.150000000000,45,0.317776527449,"Недостаточно признаков: вход 1 gid, выход 0 gid, depth=4; наблюдение ограничено"
100000002926970100,peripheral,0.150000000000,9,0.257480430545,"Недостаточно признаков: вход 1 gid, выход 0 gid, depth=3; наблюдение ограничено"
100000002933386100,peripheral,0.150000000000,1,0.308356495460,"Недостаточно признаков: вход 1 gid, выход 1 gid, depth=3; наблюдение ограничено"
100000002934441100,peripheral,0.150000000000,0,0.442338658491,"Недостаточно признаков: вход 2 gid, выход 0 gid, depth=1; наблюдение ограничено"
100000002936322100,peripheral,0.150000000000,3,0.508874428498,"Недостаточно признаков: вход 2 gid, выход 0 gid, depth=3; наблюдение ограничено"
100000002938501100,peripheral,0.150000000000,2,0.348897057471,"Недостаточно признаков: вход 1 gid, выход 1 gid, depth=1; наблюдение ограничено"
100000002939838100,consolidator,0.772243880326,2,0.667890990902,"3 плательщиков, 3 входящих tx, вход 571233.00 KZT; признаки консолидации, вход неполон"
100000002941114100,peripheral,0.150000000000,10,0.661419027005,"Недостаточно признаков: вход 2 gid, выход 1 gid, depth=1; наблюдение ограничено"
100000002943472100,peripheral,0.150000000000,5,0.382151940004,"Недостаточно признаков: вход 1 gid, выход 0 gid, depth=3; наблюдение ограничено"
100000002945031100,peripheral,0.150000000000,14,0.269904295321,"Недостаточно признаков: вход 1 gid, выход 0 gid, depth=3; наблюдение ограничено"
100000002945626100,consolidator,0.772243880326,5,0.574476138968,"3 плательщиков, 3 входящих tx, вход 584000.00 KZT; признаки консолидации, вход неполон"
100000002947299100,peripheral,0.150000000000,1,0.353618965576,"Недостаточно признаков: вход 1 gid, выход 0 gid, depth=2; наблюдение ограничено"
100000002948492100,peripheral,0.150000000000,15,0.195838438620,"Недостаточно признаков: вход 1 gid, выход 0 gid, depth=3; наблюдение ограничено"
100000002951898100,peripheral,0.150000000000,15,0.221500170338,"Недостаточно признаков: вход 1 gid, выход 0 gid, depth=3; наблюдение ограничено"
100000002952631100,peripheral,0.150000000000,2,0.379004664309,"Недостаточно признаков: вход 1 gid, выход 0 gid, depth=1; наблюдение ограничено"
100000002952756100,peripheral,0.150000000000,10,0.229844719463,"Недостаточно признаков: вход 1 gid, выход 0 gid, depth=3; наблюдение ограничено"
100000002954780100,peripheral,0.150000000000,5,0.275694876485,"Недостаточно признаков: вход 1 gid, выход 0 gid, depth=3; наблюдение ограничено"
100000002956769100,consolidator,0.772243880326,13,0.561539383890,"3 плательщиков, 3 входящих tx, вход 840000.00 KZT; признаки консолидации, вход неполон"
100000002956779100,peripheral,0.150000000000,1,0.315533369082,"Недостаточно признаков: вход 1 gid, выход 0 gid, depth=3; наблюдение ограничено"
100000002956898100,terminal,0.447914777879,16,0.514930920370,"2 плательщиков, 2 даты входа, последний день 29; r=0.000, исходящие вне выборки неизвестны"
100000002957306100,terminal,0.447914777879,10,0.726000018526,"2 плательщиков, 2 даты входа, последний день 24; r=0.000, исходящие вне выборки неизвестны"
100000002957787100,distributor,0.832608069164,0,0.791266199434,"34 получателей, 41 исходящих tx, выход 1276153.96 KZT; веер исходящих переводов"
100000002958139100,terminal,0.447914777879,5,0.358060454862,"1 плательщиков, 2 даты входа, последний день 25; r=0.000, исходящие вне выборки неизвестны"
100000002958286100,peripheral,0.150000000000,19,0.383583904236,"Недостаточно признаков: вход 1 gid, выход 0 gid, depth=1; наблюдение ограничено"
100000002958343100,peripheral,0.150000000000,11,0.402261322160,"Недостаточно признаков: вход 1 gid, выход 2 gid, depth=2; наблюдение ограничено"
100000002958345100,peripheral,0.150000000000,13,0.372640984248,"Недостаточно признаков: вход 1 gid, выход 0 gid, depth=3; наблюдение ограничено"
100000002963189100,peripheral,0.150000000000,15,0.505840882273,"Недостаточно признаков: вход 1 gid, выход 7 gid, depth=3; наблюдение ограничено"
100000002964966100,peripheral,0.150000000000,1,0.356535107173,"Недостаточно признаков: вход 1 gid, выход 0 gid, depth=2; наблюдение ограничено"
100000002968096100,peripheral,0.150000000000,3,0.345902500794,"Недостаточно признаков: вход 1 gid, выход 0 gid, depth=4; наблюдение ограничено"
100000002969048100,peripheral,0.150000000000,8,0.269414033057,"Недостаточно признаков: вход 1 gid, выход 0 gid, depth=2; наблюдение ограничено"
100000002970466100,peripheral,0.150000000000,0,0.436359974428,"Недостаточно признаков: вход 1 gid, выход 2 gid, depth=3; наблюдение ограничено"
100000002971593100,peripheral,0.150000000000,4,0.328675044536,"Недостаточно признаков: вход 1 gid, выход 0 gid, depth=4; наблюдение ограничено"
100000002973903100,consolidator,0.772243880326,12,0.593715548056,"3 плательщиков, 3 входящих tx, вход 92880.00 KZT; признаки консолидации, вход неполон"
100000002974256100,peripheral,0.150000000000,12,0.154743777337,"Недостаточно признаков: вход 1 gid, выход 0 gid, depth=2; наблюдение ограничено"
100000002975287100,peripheral,0.150000000000,17,0.173765760289,"Недостаточно признаков: вход 1 gid, выход 0 gid, depth=3; наблюдение ограничено"
100000002975437100,peripheral,0.150000000000,32,0.346367132300,"Недостаточно признаков: вход 1 gid, выход 1 gid, depth=3; наблюдение ограничено"
100000002981489100,peripheral,0.150000000000,4,0.257611787470,"Недостаточно признаков: вход 1 gid, выход 0 gid, depth=4; наблюдение ограничено"
100000002981527100,peripheral,0.150000000000,19,0.368554743177,"Недостаточно признаков: вход 1 gid, выход 0 gid, depth=1; наблюдение ограничено"
100000002982252100,peripheral,0.150000000000,7,0.273848596923,"Недостаточно признаков: вход 1 gid, выход 0 gid, depth=1; наблюдение ограничено"
100000002983426100,peripheral,0.150000000000,9,0.258826325565,"Недостаточно признаков: вход 1 gid, выход 0 gid, depth=3; наблюдение ограничено"
100000002983879100,terminal,0.447914777879,1,0.521676558356,"2 плательщиков, 2 даты входа, последний день 16; r=0.000, исходящие вне выборки неизвестны"
100000002984403100,peripheral,0.150000000000,27,0.265063538978,"Недостаточно признаков: вход 1 gid, выход 1 gid, depth=3; наблюдение ограничено"
100000002986245100,peripheral,0.150000000000,22,0.151513629288,"Недостаточно признаков: вход 1 gid, выход 0 gid, depth=4; наблюдение ограничено"
100000002988894100,peripheral,0.150000000000,1,0.646695498079,"Недостаточно признаков: вход 1 gid, выход 3 gid, depth=1; наблюдение ограничено"
100000002989353100,peripheral,0.150000000000,13,0.458002071208,"Недостаточно признаков: вход 1 gid, выход 2 gid, depth=3; наблюдение ограничено"
100000002990675100,peripheral,0.150000000000,4,0.333609992943,"Недостаточно признаков: вход 1 gid, выход 0 gid, depth=3; наблюдение ограничено"
100000002991079100,terminal,0.247957703729,2,0.605027129194,"2 плательщиков, 2 даты входа, последний день 23; r=0.074, исходящие вне выборки неизвестны"
100000002992171100,peripheral,0.150000000000,7,0.255185519310,"Недостаточно признаков: вход 1 gid, выход 0 gid, depth=1; наблюдение ограничено"
100000002994441100,peripheral,0.150000000000,3,0.147834849567,"Недостаточно признаков: вход 1 gid, выход 0 gid, depth=4; наблюдение ограничено"
100000002999140100,peripheral,0.150000000000,12,0.161473252438,"Недостаточно признаков: вход 1 gid, выход 0 gid, depth=4; наблюдение ограничено"
100000003001138100,peripheral,0.150000000000,29,0.210329241671,"Недостаточно признаков: вход 1 gid, выход 0 gid, depth=4; наблюдение ограничено"
100000003001564100,peripheral,0.150000000000,2,0.486562794668,"Недостаточно признаков: вход 1 gid, выход 1 gid, depth=1; наблюдение ограничено"
100000003001661100,peripheral,0.150000000000,29,0.472384594500,"Недостаточно признаков: вход 1 gid, выход 5 gid, depth=3; наблюдение ограничено"
100000003003821100,peripheral,0.150000000000,1,0.337574114554,"Недостаточно признаков: вход 1 gid, выход 0 gid, depth=2; наблюдение ограничено"
100000003004487100,consolidator,0.822623526745,32,0.730729277320,"4 плательщиков, 9 входящих tx, вход 183702.80 KZT; признаки консолидации, вход неполон"
100000003005167100,peripheral,0.150000000000,22,0.154205419329,"Недостаточно признаков: вход 1 gid, выход 0 gid, depth=4; наблюдение ограничено"
100000003006633100,peripheral,0.150000000000,36,0.161473252438,"Недостаточно признаков: вход 1 gid, выход 0 gid, depth=3; наблюдение ограничено"
100000003009900100,peripheral,0.150000000000,9,0.177175361007,"Недостаточно признаков: вход 1 gid, выход 0 gid, depth=3; наблюдение ограничено"
100000003010908100,peripheral,0.150000000000,9,0.179373656206,"Недостаточно признаков: вход 1 gid, выход 0 gid, depth=4; наблюдение ограничено"
100000003014659100,peripheral,0.150000000000,10,0.510216641346,"Недостаточно признаков: вход 1 gid, выход 0 gid, depth=1; наблюдение ограничено"
100000003016438100,peripheral,0.150000000000,5,0.374964967334,"Недостаточно признаков: вход 1 gid, выход 1 gid, depth=3; наблюдение ограничено"
100000003016635100,distributor,0.845958213256,2,0.789908765358,"73 получателей, 151 исходящих tx, выход 9414081.00 KZT; веер исходящих переводов"
100000003016773100,peripheral,0.150000000000,5,0.229306361455,"Недостаточно признаков: вход 1 gid, выход 0 gid, depth=2; наблюдение ограничено"
100000003022835100,peripheral,0.150000000000,1,0.472695084880,"Недостаточно признаков: вход 1 gid, выход 0 gid, depth=1; наблюдение ограничено"
100000003024542100,peripheral,0.150000000000,1,0.271894437568,"Недостаточно признаков: вход 1 gid, выход 0 gid, depth=2; наблюдение ограничено"
100000003025903100,peripheral,0.150000000000,4,0.410056830090,"Недостаточно признаков: вход 1 gid, выход 0 gid, depth=4; наблюдение ограничено"
100000003031003100,consolidator,0.772243880326,13,0.553121271315,"3 плательщиков, 3 входящих tx, вход 280090.00 KZT; признаки консолидации, вход неполон"
100000003031633100,peripheral,0.150000000000,5,0.380312585863,"Недостаточно признаков: вход 1 gid, выход 0 gid, depth=3; наблюдение ограничено"
100000003031761100,peripheral,0.150000000000,3,0.319122422469,"Недостаточно признаков: вход 1 gid, выход 0 gid, depth=3; наблюдение ограничено"
100000003031890100,terminal,0.494605621034,60,0.293999048759,"1 плательщиков, 10 даты входа, последний день 29; r=0.000, исходящие вне выборки неизвестны"
100000003034546100,peripheral,0.150000000000,19,0.320468317489,"Недостаточно признаков: вход 1 gid, выход 0 gid, depth=2; наблюдение ограничено"
100000003035737100,terminal,0.445319092605,4,0.592475591779,"2 плательщиков, 3 даты входа, последний день 23; r=0.008, исходящие вне выборки неизвестны"
100000003036198100,peripheral,0.150000000000,1,0.238455250735,"Недостаточно признаков: вход 1 gid, выход 0 gid, depth=2; наблюдение ограничено"
100000003037476100,consolidator,0.772243880326,5,0.523091685199,"3 плательщиков, 3 входящих tx, вход 555000.00 KZT; признаки консолидации, вход неполон"
100000003037660100,peripheral,0.150000000000,1,0.437612088020,"Недостаточно признаков: вход 1 gid, выход 0 gid, depth=1; наблюдение ограничено"
100000003039473100,peripheral,0.150000000000,2,0.290406762795,"Недостаточно признаков: вход 1 gid, выход 0 gid, depth=2; наблюдение ограничено"
100000003040087100,peripheral,0.150000000000,9,0.272775573750,"Недостаточно признаков: вход 1 gid, выход 0 gid, depth=4; наблюдение ограничено"
100000003042994100,terminal,0.469582955576,2,0.452400806077,"1 плательщиков, 3 даты входа, последний день 23; r=0.000, исходящие вне выборки неизвестны"
100000003044431100,terminal,0.447914777879,1,0.454365644462,"2 плательщиков, 2 даты входа, последний день 10; r=0.000, исходящие вне выборки неизвестны"
100000003044518100,peripheral,0.150000000000,11,0.299420602306,"Недостаточно признаков: вход 1 gid, выход 0 gid, depth=1; наблюдение ограничено"
100000003047800100,peripheral,0.150000000000,13,0.167395190527,"Недостаточно признаков: вход 1 gid, выход 0 gid, depth=4; наблюдение ограничено"
100000003050771100,peripheral,0.150000000000,14,0.391573205146,"Недостаточно признаков: вход 1 gid, выход 0 gid, depth=3; наблюдение ограничено"
100000003054328100,peripheral,0.150000000000,13,0.352713885914,"Недостаточно признаков: вход 1 gid, выход 2 gid, depth=2; наблюдение ограничено"
100000003057225100,peripheral,0.150000000000,2,0.444863793964,"Недостаточно признаков: вход 1 gid, выход 0 gid, depth=1; наблюдение ограничено"
100000003060187100,peripheral,0.150000000000,21,0.261518115605,"Недостаточно признаков: вход 1 gid, выход 0 gid, depth=3; наблюдение ограничено"
100000003060517100,peripheral,0.150000000000,17,0.308265535973,"Недостаточно признаков: вход 1 gid, выход 0 gid, depth=3; наблюдение ограничено"
100000003061115100,peripheral,0.150000000000,0,0.291707830367,"Недостаточно признаков: вход 1 gid, выход 0 gid, depth=4; наблюдение ограничено"
100000003062895100,terminal,0.447914777879,5,0.487250381841,"2 плательщиков, 2 даты входа, последний день 21; r=0.000, исходящие вне выборки неизвестны"
100000003066385100,terminal,0.447914777879,0,0.384824077961,"2 плательщиков, 2 даты входа, последний день 9; r=0.000, исходящие вне выборки неизвестны"
100000003068941100,consolidator,0.772243880326,0,0.555321226418,"3 плательщиков, 3 входящих tx, вход 94000.00 KZT; признаки консолидации, вход неполон"
100000003069463100,peripheral,0.150000000000,28,0.243637444492,"Недостаточно признаков: вход 1 gid, выход 1 gid, depth=3; наблюдение ограничено"
100000003071649100,peripheral,0.150000000000,5,0.288884647682,"Недостаточно признаков: вход 1 gid, выход 0 gid, depth=3; наблюдение ограничено"
100000003071930100,consolidator,0.784496826836,19,0.744392982286,"3 плательщиков, 4 входящих tx, вход 477610.00 KZT; признаки консолидации, вход неполон"
100000003072205100,peripheral,0.150000000000,5,0.493306873712,"Недостаточно признаков: вход 2 gid, выход 0 gid, depth=4; наблюдение ограничено"
100000003072676100,peripheral,0.150000000000,17,0.213514526552,"Недостаточно признаков: вход 1 gid, выход 0 gid, depth=3; наблюдение ограничено"
100000003073398100,peripheral,0.150000000000,8,0.261248936601,"Недостаточно признаков: вход 1 gid, выход 0 gid, depth=2; наблюдение ограничено"
100000003073635100,peripheral,0.150000000000,3,0.274707886803,"Недостаточно признаков: вход 1 gid, выход 0 gid, depth=3; наблюдение ограничено"
100000003074515100,peripheral,0.150000000000,5,0.333251123323,"Недостаточно признаков: вход 1 gid, выход 0 gid, depth=4; наблюдение ограничено"
100000003078839100,peripheral,0.150000000000,3,0.170759928077,"Недостаточно признаков: вход 1 gid, выход 0 gid, depth=4; наблюдение ограничено"
100000003083865100,peripheral,0.150000000000,9,0.238455250735,"Недостаточно признаков: вход 1 gid, выход 0 gid, depth=4; наблюдение ограничено"
100000003084870100,peripheral,0.150000000000,13,0.153128703313,"Недостаточно признаков: вход 1 gid, выход 0 gid, depth=4; наблюдение ограничено"
100000003086040100,peripheral,0.150000000000,0,0.229348027765,"Недостаточно признаков: вход 1 gid, выход 0 gid, depth=2; наблюдение ограничено"
100000003087877100,peripheral,0.150000000000,3,0.260710578593,"Недостаточно признаков: вход 1 gid, выход 0 gid, depth=3; наблюдение ограничено"
100000003089018100,peripheral,0.150000000000,19,0.295658985951,"Недостаточно признаков: вход 1 gid, выход 0 gid, depth=2; наблюдение ограничено"
100000003089553100,peripheral,0.150000000000,5,0.376588907254,"Недостаточно признаков: вход 1 gid, выход 0 gid, depth=3; наблюдение ограничено"
100000003091142100,peripheral,0.150000000000,0,0.286817745127,"Недостаточно признаков: вход 1 gid, выход 0 gid, depth=4; наблюдение ограничено"
100000003093299100,peripheral,0.150000000000,0,0.238455250735,"Недостаточно признаков: вход 1 gid, выход 0 gid, depth=3; наблюдение ограничено"
100000003095610100,peripheral,0.150000000000,9,0.195928164955,"Недостаточно признаков: вход 1 gid, выход 0 gid, depth=3; наблюдение ограничено"
100000003096787100,peripheral,0.150000000000,9,0.243031293803,"Недостаточно признаков: вход 1 gid, выход 0 gid, depth=4; наблюдение ограничено"
100000003097324100,peripheral,0.150000000000,20,0.515110373039,"Недостаточно признаков: вход 2 gid, выход 0 gid, depth=3; наблюдение ограничено"
100000003097947100,peripheral,0.150000000000,3,0.238727626597,"Недостаточно признаков: вход 1 gid, выход 0 gid, depth=4; наблюдение ограничено"
100000003102157100,peripheral,0.150000000000,0,0.346257749009,"Недостаточно признаков: вход 1 gid, выход 0 gid, depth=1; наблюдение ограничено"
100000003104347100,peripheral,0.150000000000,25,0.367416308773,"Недостаточно признаков: вход 1 gid, выход 1 gid, depth=2; наблюдение ограничено"
100000003105089100,peripheral,0.150000000000,24,0.161473252438,"Недостаточно признаков: вход 1 gid, выход 0 gid, depth=4; наблюдение ограничено"
100000003105929100,peripheral,0.150000000000,4,0.464362380817,"Недостаточно признаков: вход 1 gid, выход 1 gid, depth=3; наблюдение ограничено"
100000003109805100,peripheral,0.150000000000,17,0.219167285637,"Недостаточно признаков: вход 1 gid, выход 0 gid, depth=3; наблюдение ограничено"
100000003111305100,consolidator,0.804590888486,8,0.580137505640,"4 плательщиков, 4 входящих tx, вход 509338.00 KZT; признаки консолидации, вход неполон"
100000003112436100,peripheral,0.150000000000,2,0.381091386873,"Недостаточно признаков: вход 1 gid, выход 0 gid, depth=2; наблюдение ограничено"
100000003112578100,peripheral,0.150000000000,13,0.332219270475,"Недостаточно признаков: вход 1 gid, выход 0 gid, depth=3; наблюдение ограничено"
100000003115284100,consolidator,0.843141432457,10,0.922834446114,"8 плательщиков, 15 входящих tx, вход 2160500.00 KZT; признаки консолидации, вход неполон"
100000003116106100,terminal,0.447914777879,4,0.416965757860,"1 плательщиков, 2 даты входа, последний день 27; r=0.000, исходящие вне выборки неизвестны"
100000003119550100,peripheral,0.150000000000,7,0.274656133935,"Недостаточно признаков: вход 1 gid, выход 0 gid, depth=1; наблюдение ограничено"
100000003122817100,peripheral,0.150000000000,28,0.317597074780,"Недостаточно признаков: вход 1 gid, выход 0 gid, depth=3; наблюдение ограничено"
100000003123296100,peripheral,0.150000000000,12,0.341233074267,"Недостаточно признаков: вход 1 gid, выход 0 gid, depth=1; наблюдение ограничено"
100000003125997100,peripheral,0.150000000000,5,0.258557146561,"Недостаточно признаков: вход 1 gid, выход 0 gid, depth=4; наблюдение ограничено"
100000003128638100,peripheral,0.150000000000,5,0.306740188284,"Недостаточно признаков: вход 1 gid, выход 0 gid, depth=4; наблюдение ограничено"
100000003131016100,peripheral,0.150000000000,3,0.403026115792,"Недостаточно признаков: вход 1 gid, выход 1 gid, depth=2; наблюдение ограничено"
100000003131693100,peripheral,0.150000000000,1,0.510155829608,"Недостаточно признаков: вход 1 gid, выход 0 gid, depth=1; наблюдение ограничено"
100000003132484100,peripheral,0.150000000000,19,0.259723588912,"Недостаточно признаков: вход 1 gid, выход 0 gid, depth=3; наблюдение ограничено"
100000003133045100,peripheral,0.150000000000,31,0.248687249746,"Недостаточно признаков: вход 1 gid, выход 0 gid, depth=4; наблюдение ограничено"
100000003134474100,peripheral,0.150000000000,4,0.367975179125,"Недостаточно признаков: вход 1 gid, выход 0 gid, depth=3; наблюдение ограничено"
100000003134550100,peripheral,0.150000000000,5,0.265645527000,"Недостаточно признаков: вход 1 gid, выход 0 gid, depth=4; наблюдение ограничено"
100000003134934100,consolidator,0.804590888486,0,0.551678094662,"4 плательщиков, 4 входящих tx, вход 379354.00 KZT; признаки консолидации, вход неполон"
100000003134937100,peripheral,0.150000000000,2,0.312427723977,"Недостаточно признаков: вход 1 gid, выход 0 gid, depth=1; наблюдение ограничено"
100000003146511100,peripheral,0.150000000000,14,0.226162742884,"Недостаточно признаков: вход 1 gid, выход 0 gid, depth=4; наблюдение ограничено"
100000003147719100,peripheral,0.150000000000,5,0.265645527000,"Недостаточно признаков: вход 1 gid, выход 0 gid, depth=3; наблюдение ограничено"
100000003148220100,peripheral,0.150000000000,79,0.367306025101,"Недостаточно признаков: вход 1 gid, выход 2 gid, depth=1; наблюдение ограничено"
100000003149149100,peripheral,0.150000000000,4,0.394803353194,"Недостаточно признаков: вход 1 gid, выход 0 gid, depth=3; наблюдение ограничено"
100000003152964100,peripheral,0.150000000000,3,0.330269606216,"Недостаточно признаков: вход 1 gid, выход 1 gid, depth=3; наблюдение ограничено"
100000003154105100,peripheral,0.150000000000,24,0.478008567161,"Недостаточно признаков: вход 1 gid, выход 7 gid, depth=3; наблюдение ограничено"
100000003157333100,peripheral,0.150000000000,8,0.210329241671,"Недостаточно признаков: вход 1 gid, выход 0 gid, depth=2; наблюдение ограничено"
100000003157679100,consolidator,0.804590888486,5,0.581483400660,"4 плательщиков, 4 входящих tx, вход 541000.00 KZT; признаки консолидации, вход неполон"
100000003158727100,consolidator,0.772243880326,11,0.645039011493,"3 плательщиков, 3 входящих tx, вход 367940.00 KZT; признаки консолидации, вход неполон"
100000003159641100,consolidator,0.818057570263,58,0.637287823067,"4 плательщиков, 7 входящих tx, вход 64000.00 KZT; признаки консолидации, вход неполон"
100000003163256100,peripheral,0.150000000000,2,0.373283297136,"Недостаточно признаков: вход 1 gid, выход 1 gid, depth=1; наблюдение ограничено"
100000003163886100,peripheral,0.150000000000,55,0.386234523951,"Недостаточно признаков: вход 1 gid, выход 0 gid, depth=3; наблюдение ограничено"
100000003164661100,terminal,0.469582955576,75,0.325537855399,"1 плательщиков, 3 даты входа, последний день 21; r=0.000, исходящие вне выборки неизвестны"
100000003166017100,peripheral,0.150000000000,9,0.238455250735,"Недостаточно признаков: вход 1 gid, выход 0 gid, depth=4; наблюдение ограничено"
100000003166755100,peripheral,0.150000000000,1,0.262322455759,"Недостаточно признаков: вход 1 gid, выход 0 gid, depth=2; наблюдение ограничено"
100000003171006100,peripheral,0.150000000000,5,0.530184397265,"Недостаточно признаков: вход 2 gid, выход 0 gid, depth=3; наблюдение ограничено"
100000003171587100,peripheral,0.150000000000,4,0.650614774976,"Недостаточно признаков: вход 2 gid, выход 2 gid, depth=3; наблюдение ограничено"
100000003173783100,peripheral,0.150000000000,30,0.195210354277,"Недостаточно признаков: вход 1 gid, выход 0 gid, depth=4; наблюдение ограничено"
100000003177533100,peripheral,0.150000000000,3,0.187942521168,"Недостаточно признаков: вход 1 gid, выход 0 gid, depth=4; наблюдение ограничено"
100000003178549100,peripheral,0.150000000000,17,0.577990987282,"Недостаточно признаков: вход 2 gid, выход 4 gid, depth=3; наблюдение ограничено"
100000003180305100,peripheral,0.150000000000,0,0.375243012234,"Недостаточно признаков: вход 1 gid, выход 0 gid, depth=4; наблюдение ограничено"
100000003180820100,peripheral,0.150000000000,5,0.332129544140,"Недостаточно признаков: вход 1 gid, выход 0 gid, depth=4; наблюдение ограничено"
100000003186579100,peripheral,0.150000000000,3,0.270131843734,"Недостаточно признаков: вход 1 gid, выход 0 gid, depth=4; наблюдение ограничено"
100000003187359100,peripheral,0.150000000000,7,0.268375290507,"Недостаточно признаков: вход 1 gid, выход 0 gid, depth=1; наблюдение ограничено"
100000003188607100,peripheral,0.150000000000,11,0.211434752852,"Недостаточно признаков: вход 1 gid, выход 1 gid, depth=2; наблюдение ограничено"
100000003190207100,peripheral,0.150000000000,23,0.445061967380,"Недостаточно признаков: вход 1 gid, выход 1 gid, depth=3; наблюдение ограничено"
100000003191430100,peripheral,0.150000000000,2,0.287045257821,"Недостаточно признаков: вход 1 gid, выход 0 gid, depth=2; наблюдение ограничено"
100000003192220100,terminal,0.447914777879,2,0.244559838351,"1 плательщиков, 2 даты входа, последний день 5; r=0.000, исходящие вне выборки неизвестны"
100000003192309100,peripheral,0.150000000000,77,0.328103441732,"Недостаточно признаков: вход 1 gid, выход 1 gid, depth=3; наблюдение ограничено"
100000003194831100,peripheral,0.150000000000,10,0.152949250643,"Недостаточно признаков: вход 1 gid, выход 0 gid, depth=4; наблюдение ограничено"
100000003199390100,peripheral,0.150000000000,4,0.396777332557,"Недостаточно признаков: вход 1 gid, выход 0 gid, depth=4; наблюдение ограничено"
100000003200071100,peripheral,0.150000000000,80,0.087047311895,"Недостаточно признаков: вход 0 gid, выход 1 gid, depth=0; наблюдение ограничено"
100000003204491100,peripheral,0.150000000000,0,0.329237753367,"Недостаточно признаков: вход 1 gid, выход 1 gid, depth=3; наблюдение ограничено"
100000003205210100,peripheral,0.150000000000,1,0.475431738088,"Недостаточно признаков: вход 1 gid, выход 0 gid, depth=1; наблюдение ограничено"
100000003207060100,peripheral,0.150000000000,0,0.303641432879,"Недостаточно признаков: вход 1 gid, выход 0 gid, depth=4; наблюдение ограничено"
100000003213473100,distributor,0.766224783862,0,0.530137087559,"11 получателей, 12 исходящих tx, выход 240000.00 KZT; веер исходящих переводов"
100000003214786100,peripheral,0.150000000000,0,0.212524340012,"Недостаточно признаков: вход 1 gid, выход 0 gid, depth=4; наблюдение ограничено"
100000003215448100,peripheral,0.150000000000,3,0.383962991833,"Недостаточно признаков: вход 1 gid, выход 2 gid, depth=3; наблюдение ограничено"
100000003216073100,peripheral,0.150000000000,3,0.279591415931,"Недостаточно признаков: вход 1 gid, выход 1 gid, depth=3; наблюдение ограничено"
100000003218308100,peripheral,0.150000000000,0,0.230649059618,"Недостаточно признаков: вход 1 gid, выход 0 gid, depth=3; наблюдение ограничено"
100000003219438100,peripheral,0.150000000000,35,0.214187474062,"Недостаточно признаков: вход 1 gid, выход 0 gid, depth=2; наблюдение ограничено"
100000003220685100,peripheral,0.150000000000,4,0.432802455931,"Недостаточно признаков: вход 1 gid, выход 0 gid, depth=4; наблюдение ограничено"
100000003221384100,peripheral,0.150000000000,16,0.418760284554,"Недостаточно признаков: вход 1 gid, выход 0 gid, depth=2; наблюдение ограничено"
100000003221510100,peripheral,0.150000000000,0,0.447934671602,"Недостаточно признаков: вход 1 gid, выход 2 gid, depth=3; наблюдение ограничено"
100000003230328100,consolidator,0.772243880326,3,0.434935525658,"3 плательщиков, 3 входящих tx, вход 26572.00 KZT; признаки консолидации, вход неполон"
100000003230329100,peripheral,0.150000000000,5,0.334821334180,"Недостаточно признаков: вход 1 gid, выход 0 gid, depth=4; наблюдение ограничено"
100000003232675100,peripheral,0.150000000000,14,0.290047893175,"Недостаточно признаков: вход 1 gid, выход 0 gid, depth=4; наблюдение ограничено"
100000003235780100,terminal,0.447914777879,0,0.508822675630,"2 плательщиков, 2 даты входа, последний день 12; r=0.000, исходящие вне выборки неизвестны"
100000003237045100,peripheral,0.150000000000,2,0.333222224270,"Недостаточно признаков: вход 1 gid, выход 1 gid, depth=2; наблюдение ограничено"
100000003239379100,peripheral,0.150000000000,12,0.344194043311,"Недостаточно признаков: вход 1 gid, выход 0 gid, depth=1; наблюдение ограничено"
100000003239859100,peripheral,0.150000000000,12,0.267522890328,"Недостаточно признаков: вход 1 gid, выход 0 gid, depth=1; наблюдение ограничено"
100000003241965100,peripheral,0.150000000000,9,0.173765760289,"Недостаточно признаков: вход 1 gid, выход 0 gid, depth=3; наблюдение ограничено"
100000003242289100,distributor,0.816930835735,17,0.762420951830,"23 получателей, 26 исходящих tx, выход 2377741.00 KZT; веер исходящих переводов"
100000003242795100,peripheral,0.150000000000,4,0.366808736774,"Недостаточно признаков: вход 1 gid, выход 0 gid, depth=3; наблюдение ограничено"
100000003246024100,peripheral,0.150000000000,3,0.382924982679,"Недостаточно признаков: вход 1 gid, выход 1 gid, depth=2; наблюдение ограничено"
100000003247600100,peripheral,0.150000000000,1,0.243303669665,"Недостаточно признаков: вход 1 gid, выход 0 gid, depth=4; наблюдение ограничено"
100000003249054100,consolidator,0.838845194923,1,0.589978407976,"7 плательщиков, 11 входящих tx, вход 99700.00 KZT; признаки консолидации, вход неполон"
100000003252446100,peripheral,0.150000000000,5,0.269503759392,"Недостаточно признаков: вход 1 gid, выход 0 gid, depth=4; наблюдение ограничено"
100000003254277100,peripheral,0.150000000000,0,0.349019213306,"Недостаточно признаков: вход 1 gid, выход 1 gid, depth=3; наблюдение ограничено"
100000003254723100,terminal,0.487126019946,1,0.417789457757,"1 плательщиков, 6 даты входа, последний день 27; r=0.000, исходящие вне выборки неизвестны"
100000003265158100,consolidator,0.772243880326,12,0.839803944344,"3 плательщиков, 3 входящих tx, вход 146100.40 KZT; признаки консолидации, вход неполон"
100000003265658100,peripheral,0.050000000000,87,0.000000000000,"Недостаточно признаков: вход 0 gid, выход 0 gid, depth=0; наблюдение ограничено"
100000003270419100,peripheral,0.150000000000,14,0.345139862668,"Недостаточно признаков: вход 1 gid, выход 0 gid, depth=3; наблюдение ограничено"
100000003271151100,peripheral,0.150000000000,3,0.274438707799,"Недостаточно признаков: вход 1 gid, выход 0 gid, depth=3; наблюдение ограничено"
100000003275398100,peripheral,0.150000000000,60,0.329722897217,"Недостаточно признаков: вход 1 gid, выход 1 gid, depth=2; наблюдение ограничено"
100000003278020100,peripheral,0.150000000000,0,0.289108963519,"Недостаточно признаков: вход 1 gid, выход 0 gid, depth=2; наблюдение ограничено"
100000003284932100,peripheral,0.150000000000,1,0.447796027006,"Недостаточно признаков: вход 1 gid, выход 0 gid, depth=1; наблюдение ограничено"
100000003286537100,peripheral,0.150000000000,5,0.491467483851,"Недостаточно признаков: вход 2 gid, выход 0 gid, depth=3; наблюдение ограничено"
100000003289281100,peripheral,0.150000000000,0,0.222128254681,"Недостаточно признаков: вход 1 gid, выход 0 gid, depth=4; наблюдение ограничено"
100000003289405100,peripheral,0.150000000000,1,0.311585410356,"Недостаточно признаков: вход 1 gid, выход 0 gid, depth=2; наблюдение ограничено"
100000003292191100,peripheral,0.150000000000,20,0.270894517579,"Недостаточно признаков: вход 1 gid, выход 0 gid, depth=3; наблюдение ограничено"
100000003292979100,peripheral,0.150000000000,1,0.347533737703,"Недостаточно признаков: вход 1 gid, выход 0 gid, depth=2; наблюдение ограничено"
100000003293377100,peripheral,0.150000000000,4,0.330963066070,"Недостаточно признаков: вход 1 gid, выход 0 gid, depth=3; наблюдение ограничено"
100000003299365100,peripheral,0.150000000000,1,0.513488471247,"Недостаточно признаков: вход 1 gid, выход 1 gid, depth=1; наблюдение ограничено"
100000003321423100,peripheral,0.150000000000,34,0.381091386873,"Недостаточно признаков: вход 1 gid, выход 0 gid, depth=2; наблюдение ограничено"
100000003321895100,peripheral,0.150000000000,51,0.438998938540,"Недостаточно признаков: вход 1 gid, выход 2 gid, depth=3; наблюдение ограничено"
100000003336565100,peripheral,0.150000000000,18,0.178969887700,"Недостаточно признаков: вход 1 gid, выход 0 gid, depth=2; наблюдение ограничено"
100000003338583100,peripheral,0.150000000000,39,0.192518564237,"Недостаточно признаков: вход 1 gid, выход 0 gid, depth=3; наблюдение ограничено"
100000003345947100,peripheral,0.150000000000,3,0.254609187835,"Недостаточно признаков: вход 1 gid, выход 0 gid, depth=4; наблюдение ограничено"
100000003349739100,peripheral,0.050000000000,88,0.000000000000,"Недостаточно признаков: вход 0 gid, выход 0 gid, depth=0; наблюдение ограничено"
100000003360542100,peripheral,0.150000000000,10,0.614211855789,"Недостаточно признаков: вход 2 gid, выход 2 gid, depth=2; наблюдение ограничено"
100000003366154100,peripheral,0.150000000000,1,0.642321751196,"Недостаточно признаков: вход 1 gid, выход 3 gid, depth=1; наблюдение ограничено"
100000003366471100,terminal,0.302109008038,3,0.539043595197,"2 плательщиков, 4 даты входа, последний день 28; r=0.061, исходящие вне выборки неизвестны"
100000003370425100,peripheral,0.150000000000,14,0.303388381041,"Недостаточно признаков: вход 1 gid, выход 0 gid, depth=4; наблюдение ограничено"
100000003377795100,peripheral,0.150000000000,11,0.237419705043,"Недостаточно признаков: вход 1 gid, выход 0 gid, depth=1; наблюдение ограничено"
100000003390036100,peripheral,0.150000000000,10,0.665345905285,"Недостаточно признаков: вход 2 gid, выход 2 gid, depth=2; наблюдение ограничено"
100000003404627100,consolidator,0.810775158658,31,0.681043827856,"4 плательщиков, 5 входящих tx, вход 877700.00 KZT; признаки консолидации, вход неполон"
100000003406094100,peripheral,0.150000000000,2,0.442324235076,"Недостаточно признаков: вход 1 gid, выход 3 gid, depth=3; наблюдение ограничено"
100000003447411100,peripheral,0.150000000000,3,0.307547725296,"Недостаточно признаков: вход 1 gid, выход 0 gid, depth=4; наблюдение ограничено"
100000003448713100,peripheral,0.150000000000,3,0.301715513541,"Недостаточно признаков: вход 1 gid, выход 0 gid, depth=4; наблюдение ограничено"
100000003449074100,peripheral,0.150000000000,0,0.244687538152,"Недостаточно признаков: вход 1 gid, выход 0 gid, depth=1; наблюдение ограничено"
100000003457710100,peripheral,0.150000000000,4,0.484416216618,"Недостаточно признаков: вход 1 gid, выход 1 gid, depth=3; наблюдение ограничено"
100000003470579100,peripheral,0.150000000000,28,0.311675136691,"Недостаточно признаков: вход 1 gid, выход 0 gid, depth=4; наблюдение ограничено"
100000003476560100,peripheral,0.150000000000,1,0.433484676625,"Недостаточно признаков: вход 1 gid, выход 0 gid, depth=1; наблюдение ограничено"
100000003481025100,peripheral,0.150000000000,0,0.157435567377,"Недостаточно признаков: вход 1 gid, выход 0 gid, depth=4; наблюдение ограничено"
100000003484058100,peripheral,0.150000000000,15,0.321745604421,"Недостаточно признаков: вход 1 gid, выход 1 gid, depth=3; наблюдение ограничено"
100000003486846100,peripheral,0.150000000000,2,0.205573745933,"Недостаточно признаков: вход 1 gid, выход 0 gid, depth=4; наблюдение ограничено"
100000003486970100,peripheral,0.150000000000,4,0.376588907254,"Недостаточно признаков: вход 1 gid, выход 0 gid, depth=3; наблюдение ограничено"
100000003497735100,peripheral,0.150000000000,21,0.274034939293,"Недостаточно признаков: вход 1 gid, выход 0 gid, depth=3; наблюдение ограничено"
100000003500764100,peripheral,0.150000000000,17,0.287580383253,"Недостаточно признаков: вход 1 gid, выход 0 gid, depth=4; наблюдение ограничено"
100000003509750100,consolidator,0.784496826836,8,0.476004588523,"3 плательщиков, 4 входящих tx, вход 82290.00 KZT; признаки консолидации, вход неполон"
100000003528285100,consolidator,0.810775158658,1,0.685541850126,"4 плательщиков, 5 входящих tx, вход 118870.00 KZT; признаки консолидации, вход неполон"
100000003557488100,peripheral,0.150000000000,32,0.423756658712,"Недостаточно признаков: вход 1 gid, выход 2 gid, depth=3; наблюдение ограничено"
100000003561031100,peripheral,0.150000000000,3,0.221341835915,"Недостаточно признаков: вход 1 gid, выход 1 gid, depth=3; наблюдение ограничено"
100000003567087100,peripheral,0.150000000000,7,0.329209745420,"Недостаточно признаков: вход 1 gid, выход 0 gid, depth=1; наблюдение ограничено"
100000003568904100,peripheral,0.150000000000,14,0.297001684113,"Недостаточно признаков: вход 1 gid, выход 0 gid, depth=4; наблюдение ограничено"
100000003574895100,peripheral,0.150000000000,0,0.322729397245,"Недостаточно признаков: вход 1 gid, выход 1 gid, depth=3; наблюдение ограничено"
100000003581109100,peripheral,0.150000000000,0,0.289330082498,"Недостаточно признаков: вход 1 gid, выход 0 gid, depth=3; наблюдение ограничено"
100000003582677100,peripheral,0.150000000000,1,0.517329469020,"Недостаточно признаков: вход 2 gid, выход 4 gid, depth=3; наблюдение ограничено"
100000003589877100,peripheral,0.150000000000,5,0.736368173764,"Недостаточно признаков: вход 2 gid, выход 6 gid, depth=1; наблюдение ограничено"
100000003594472100,peripheral,0.150000000000,32,0.187942521168,"Недостаточно признаков: вход 1 gid, выход 0 gid, depth=3; наблюдение ограничено"
100000003603979100,terminal,0.469582955576,65,0.284263741446,"1 плательщиков, 3 даты входа, последний день 12; r=0.000, исходящие вне выборки неизвестны"
100000003610172100,peripheral,0.150000000000,4,0.345902500794,"Недостаточно признаков: вход 1 gid, выход 0 gid, depth=3; наблюдение ограничено"
100000003616818100,consolidator,0.784496826836,65,0.601031346197,"3 плательщиков, 4 входящих tx, вход 78000.00 KZT; признаки консолидации, вход неполон"
100000003617552100,peripheral,0.150000000000,81,0.200010713183,"Недостаточно признаков: вход 1 gid, выход 0 gid, depth=2; наблюдение ограничено"
100000003622955100,peripheral,0.150000000000,10,0.238455250735,"Недостаточно признаков: вход 1 gid, выход 0 gid, depth=4; наблюдение ограничено"
100000003626268100,peripheral,0.150000000000,3,0.147834849567,"Недостаточно признаков: вход 1 gid, выход 0 gid, depth=4; наблюдение ограничено"
100000003631015100,peripheral,0.150000000000,43,0.366225551318,"Недостаточно признаков: вход 1 gid, выход 0 gid, depth=4; наблюдение ограничено"
100000003632533100,peripheral,0.150000000000,4,0.257611787470,"Недостаточно признаков: вход 1 gid, выход 0 gid, depth=4; наблюдение ограничено"
100000003635170100,consolidator,0.806922030825,34,0.804433838541,"3 плательщиков, 13 входящих tx, вход 268500.00 KZT; признаки консолидации, вход неполон"
100000003635660100,peripheral,0.150000000000,0,0.249312137231,"Недостаточно признаков: вход 1 gid, выход 0 gid, depth=3; наблюдение ограничено"
100000003636627100,peripheral,0.150000000000,8,0.276963812426,"Недостаточно признаков: вход 1 gid, выход 1 gid, depth=3; наблюдение ограничено"
100000003646145100,peripheral,0.150000000000,33,0.147834849567,"Недостаточно признаков: вход 1 gid, выход 0 gid, depth=4; наблюдение ограничено"
100000003647799100,peripheral,0.150000000000,4,0.361784062032,"Недостаточно признаков: вход 1 gid, выход 0 gid, depth=3; наблюдение ограничено"
100000003650146100,peripheral,0.150000000000,2,0.236301818702,"Недостаточно признаков: вход 1 gid, выход 0 gid, depth=3; наблюдение ограничено"
100000003664994100,peripheral,0.150000000000,44,0.309790883663,"Недостаточно признаков: вход 1 gid, выход 0 gid, depth=4; наблюдение ограничено"
100000003671721100,peripheral,0.150000000000,9,0.147834849567,"Недостаточно признаков: вход 1 gid, выход 0 gid, depth=3; наблюдение ограничено"
100000003677936100,peripheral,0.150000000000,11,0.302678758302,"Недостаточно признаков: вход 1 gid, выход 1 gid, depth=3; наблюдение ограничено"
100000003684369100,consolidator,0.849691749773,1,0.901347947546,"24 плательщиков, 58 входящих tx, вход 3848436.00 KZT; признаки консолидации, вход неполон"
100000003692843100,peripheral,0.150000000000,51,0.322442296852,"Недостаточно признаков: вход 1 gid, выход 0 gid, depth=4; наблюдение ограничено"
100000003696422100,peripheral,0.150000000000,32,0.272105823097,"Недостаточно признаков: вход 1 gid, выход 0 gid, depth=4; наблюдение ограничено"
100000003701161100,consolidator,0.827016092475,25,0.815630657115,"4 плательщиков, 13 входящих tx, вход 1527103.00 KZT; признаки консолидации, вход неполон"
100000003711830100,peripheral,0.150000000000,3,0.234824531038,"Недостаточно признаков: вход 1 gid, выход 0 gid, depth=3; наблюдение ограничено"
100000003713616100,peripheral,0.150000000000,2,0.324899684497,"Недостаточно признаков: вход 1 gid, выход 0 gid, depth=1; наблюдение ограничено"
100000003718221100,peripheral,0.150000000000,25,0.631194495783,"Недостаточно признаков: вход 2 gid, выход 4 gid, depth=2; наблюдение ограничено"
100000003718715100,peripheral,0.150000000000,14,0.332715962173,"Недостаточно признаков: вход 1 gid, выход 0 gid, depth=4; наблюдение ограничено"
100000003724440100,terminal,0.447914777879,1,0.463937661990,"2 плательщиков, 2 даты входа, последний день 13; r=0.000, исходящие вне выборки неизвестны"
100000003736419100,peripheral,0.150000000000,0,0.311244426406,"Недостаточно признаков: вход 1 gid, выход 1 gid, depth=3; наблюдение ограничено"
100000003739818100,peripheral,0.150000000000,1,0.441515183579,"Недостаточно признаков: вход 1 gid, выход 0 gid, depth=1; наблюдение ограничено"
100000003741418100,consolidator,0.843334088849,4,0.661069431015,"9 плательщиков, 13 входящих tx, вход 151900.00 KZT; признаки консолидации, вход неполон"
100000003747133100,consolidator,0.828133499547,47,0.670725287018,"5 плательщиков, 8 входящих tx, вход 237068.00 KZT; признаки консолидации, вход неполон"
100000003760160100,peripheral,0.150000000000,4,0.364475852073,"Недостаточно признаков: вход 1 gid, выход 0 gid, depth=3; наблюдение ограничено"
100000003770083100,peripheral,0.050000000000,89,0.000000000000,"Недостаточно признаков: вход 0 gid, выход 0 gid, depth=0; наблюдение ограничено"
100000003781406100,peripheral,0.150000000000,12,0.291707830367,"Недостаточно признаков: вход 1 gid, выход 0 gid, depth=3; наблюдение ограничено"
100000003782913100,peripheral,0.150000000000,15,0.291845616727,"Недостаточно признаков: вход 1 gid, выход 0 gid, depth=4; наблюдение ограничено"
100000003786516100,peripheral,0.150000000000,0,0.243973384598,"Недостаточно признаков: вход 1 gid, выход 0 gid, depth=4; наблюдение ограничено"
100000003792647100,peripheral,0.150000000000,4,0.251779575716,"Недостаточно признаков: вход 1 gid, выход 0 gid, depth=4; наблюдение ограничено"
100000003795588100,peripheral,0.150000000000,0,0.314950147907,"Недостаточно признаков: вход 1 gid, выход 0 gid, depth=3; наблюдение ограничено"
100000003796063100,distributor,0.799967579251,4,0.521529568941,"15 получателей, 23 исходящих tx, выход 959150.00 KZT; веер исходящих переводов"
100000003798151100,terminal,0.469582955576,2,0.311047052348,"1 плательщиков, 3 даты входа, последний день 21; r=0.000, исходящие вне выборки неизвестны"
100000003809101100,peripheral,0.150000000000,10,0.739529097827,"Недостаточно признаков: вход 2 gid, выход 2 gid, depth=1; наблюдение ограничено"
100000003814002100,peripheral,0.150000000000,4,0.306467776703,"Недостаточно признаков: вход 1 gid, выход 0 gid, depth=3; наблюдение ограничено"
100000003819173100,peripheral,0.150000000000,3,0.278925024533,"Недостаточно признаков: вход 1 gid, выход 0 gid, depth=4; наблюдение ограничено"
100000003823811100,peripheral,0.150000000000,23,0.493353955096,"Недостаточно признаков: вход 1 gid, выход 3 gid, depth=2; наблюдение ограничено"
100000003824464100,peripheral,0.150000000000,25,0.291845616727,"Недостаточно признаков: вход 1 gid, выход 0 gid, depth=2; наблюдение ограничено"
100000003831201100,terminal,0.469582955576,0,0.287939324310,"1 плательщиков, 3 даты входа, последний день 8; r=0.000, исходящие вне выборки неизвестны"
100000003831324100,terminal,0.447914777879,11,0.599760280109,"2 плательщиков, 2 даты входа, последний день 23; r=0.000, исходящие вне выборки неизвестны"
100000003832231100,peripheral,0.150000000000,1,0.416032904530,"Недостаточно признаков: вход 1 gid, выход 0 gid, depth=1; наблюдение ограничено"
100000003834495100,consolidator,0.790681097008,0,0.563966596704,"3 плательщиков, 5 входящих tx, вход 602441.00 KZT; признаки консолидации, вход неполон"
100000003835149100,peripheral,0.150000000000,26,0.498294752388,"Недостаточно признаков: вход 1 gid, выход 2 gid, depth=1; наблюдение ограничено"
100000003838587100,peripheral,0.150000000000,15,0.152096850464,"Недостаточно признаков: вход 1 gid, выход 0 gid, depth=4; наблюдение ограничено"
100000003843844100,peripheral,0.150000000000,14,0.445026355693,"Недостаточно признаков: вход 1 gid, выход 1 gid, depth=3; наблюдение ограничено"
100000003854444100,distributor,0.782820605187,21,0.529419826344,"14 получателей, 14 исходящих tx, выход 2322909.00 KZT; веер исходящих переводов"
100000003865939100,peripheral,0.150000000000,82,0.338945052733,"Недостаточно признаков: вход 1 gid, выход 0 gid, depth=1; наблюдение ограничено"
100000003873332100,peripheral,0.150000000000,21,0.559439773301,"Недостаточно признаков: вход 1 gid, выход 4 gid, depth=1; наблюдение ограничено"
100000003877908100,peripheral,0.150000000000,1,0.420788400268,"Недостаточно признаков: вход 1 gid, выход 0 gid, depth=1; наблюдение ограничено"
100000003880331100,distributor,0.807989913545,3,0.530585900308,"16 получателей, 31 исходящих tx, выход 3904908.00 KZT; веер исходящих переводов"
100000003886323100,terminal,0.193527616507,2,0.567614543091,"2 плательщиков, 5 даты входа, последний день 22; r=0.098, исходящие вне выборки неизвестны"
100000003888197100,peripheral,0.150000000000,4,0.352811428564,"Недостаточно признаков: вход 1 gid, выход 0 gid, depth=3; наблюдение ограничено"
100000003888271100,peripheral,0.150000000000,73,0.344425809758,"Недостаточно признаков: вход 1 gid, выход 2 gid, depth=1; наблюдение ограничено"
100000003888527100,peripheral,0.150000000000,44,0.210329241671,"Недостаточно признаков: вход 1 gid, выход 0 gid, depth=3; наблюдение ограничено"
100000003896956100,peripheral,0.150000000000,2,0.321876997065,"Недостаточно признаков: вход 1 gid, выход 1 gid, depth=3; наблюдение ограничено"
100000003899325100,peripheral,0.150000000000,3,0.236484468230,"Недостаточно признаков: вход 1 gid, выход 0 gid, depth=3; наблюдение ограничено"
100000003899899100,terminal,0.346743746512,2,0.531802387891,"2 плательщиков, 4 даты входа, последний день 26; r=0.046, исходящие вне выборки неизвестны"
100000003900547100,peripheral,0.150000000000,2,0.344280572788,"Недостаточно признаков: вход 1 gid, выход 0 gid, depth=1; наблюдение ограничено"
100000003904497100,peripheral,0.150000000000,5,0.226162742884,"Недостаточно признаков: вход 1 gid, выход 0 gid, depth=4; наблюдение ограничено"
100000003917461100,peripheral,0.150000000000,12,0.440875688146,"Недостаточно признаков: вход 1 gid, выход 2 gid, depth=3; наблюдение ограничено"
100000003920950100,peripheral,0.150000000000,11,0.308803893981,"Недостаточно признаков: вход 1 gid, выход 0 gid, depth=3; наблюдение ограничено"
100000003922499100,peripheral,0.150000000000,12,0.234824531038,"Недостаточно признаков: вход 1 gid, выход 0 gid, depth=2; наблюдение ограничено"
100000003923946100,peripheral,0.150000000000,8,0.568712317154,"Недостаточно признаков: вход 1 gid, выход 4 gid, depth=1; наблюдение ограничено"
100000003927792100,peripheral,0.150000000000,16,0.265597431256,"Недостаточно признаков: вход 1 gid, выход 0 gid, depth=2; наблюдение ограничено"
100000003934614100,peripheral,0.150000000000,35,0.316107108673,"Недостаточно признаков: вход 2 gid, выход 1 gid, depth=3; наблюдение ограничено"
100000003942602100,peripheral,0.150000000000,7,0.316526236319,"Недостаточно признаков: вход 1 gid, выход 1 gid, depth=1; наблюдение ограничено"
100000003943247100,peripheral,0.150000000000,0,0.286817745127,"Недостаточно признаков: вход 1 gid, выход 0 gid, depth=3; наблюдение ограничено"
100000003943483100,peripheral,0.150000000000,12,0.226162742884,"Недостаточно признаков: вход 1 gid, выход 0 gid, depth=2; наблюдение ограничено"
100000003946524100,transit,0.368726263802,1,0.724820873885,"Вход 133757.00, выход 144750.00 KZT, r=1.082; сходство объёмов, порядок не известен"
100000003950749100,peripheral,0.150000000000,2,0.154205419329,"Недостаточно признаков: вход 1 gid, выход 0 gid, depth=4; наблюдение ограничено"
100000003951827100,peripheral,0.150000000000,0,0.310738874210,"Недостаточно признаков: вход 1 gid, выход 2 gid, depth=3; наблюдение ограничено"
100000003962994100,peripheral,0.150000000000,40,0.161473252438,"Недостаточно признаков: вход 1 gid, выход 0 gid, depth=3; наблюдение ограничено"
100000003964910100,peripheral,0.150000000000,17,0.447280496599,"Недостаточно признаков: вход 2 gid, выход 0 gid, depth=3; наблюдение ограничено"
100000003968044100,peripheral,0.150000000000,3,0.512672639887,"Недостаточно признаков: вход 1 gid, выход 3 gid, depth=3; наблюдение ограничено"
100000003970394100,peripheral,0.150000000000,12,0.340694716259,"Недостаточно признаков: вход 1 gid, выход 0 gid, depth=1; наблюдение ограничено"
100000003971049100,peripheral,0.150000000000,0,0.306736991426,"Недостаточно признаков: вход 1 gid, выход 0 gid, depth=2; наблюдение ограничено"
100000003975102100,peripheral,0.150000000000,2,0.334093462013,"Недостаточно признаков: вход 1 gid, выход 2 gid, depth=0; наблюдение ограничено"
100000003977183100,peripheral,0.150000000000,8,0.618641474052,"Недостаточно признаков: вход 2 gid, выход 4 gid, depth=0; наблюдение ограничено"
100000003980083100,peripheral,0.150000000000,80,0.293543527385,"Недостаточно признаков: вход 1 gid, выход 0 gid, depth=1; наблюдение ограничено"
100000003985389100,peripheral,0.150000000000,3,0.412210262122,"Недостаточно признаков: вход 1 gid, выход 0 gid, depth=4; наблюдение ограничено"
100000003986141100,peripheral,0.150000000000,17,0.149988281599,"Недостаточно признаков: вход 1 gid, выход 0 gid, depth=3; наблюдение ограничено"
100000003988112100,peripheral,0.150000000000,23,0.379966412061,"Недостаточно признаков: вход 1 gid, выход 1 gid, depth=2; наблюдение ограничено"
100000003989033100,peripheral,0.150000000000,10,0.312751852707,"Недостаточно признаков: вход 1 gid, выход 0 gid, depth=4; наблюдение ограничено"
100000003996562100,peripheral,0.150000000000,0,0.155057819508,"Недостаточно признаков: вход 1 gid, выход 0 gid, depth=3; наблюдение ограничено"
100000004004621100,consolidator,0.772243880326,14,0.596467578329,"3 плательщиков, 3 входящих tx, вход 75389.00 KZT; признаки консолидации, вход неполон"
100000004005964100,consolidator,0.802529465095,65,0.556270712541,"3 плательщиков, 9 входящих tx, вход 97900.00 KZT; признаки консолидации, вход неполон"
100000004006327100,peripheral,0.150000000000,5,0.306740188284,"Недостаточно признаков: вход 1 gid, выход 0 gid, depth=4; наблюдение ограничено"
100000004007116100,consolidator,0.809811876700,39,0.499180009341,"3 плательщиков, 24 входящих tx, вход 764704.00 KZT; признаки консолидации, вход неполон"
100000004007197100,peripheral,0.150000000000,39,0.164344495148,"Недостаточно признаков: вход 1 gid, выход 0 gid, depth=3; наблюдение ограничено"
100000004013952100,peripheral,0.150000000000,0,0.150975271280,"Недостаточно признаков: вход 1 gid, выход 0 gid, depth=4; наблюдение ограничено"
100000004015047100,consolidator,0.845530371714,8,0.855240190917,"9 плательщиков, 18 входящих tx, вход 919104.00 KZT; признаки консолидации, вход неполон"
100000004017410100,peripheral,0.150000000000,35,0.593437736003,"Недостаточно признаков: вход 2 gid, выход 5 gid, depth=3; наблюдение ограничено"
100000004019056100,peripheral,0.150000000000,14,0.299514021484,"Недостаточно признаков: вход 1 gid, выход 0 gid, depth=4; наблюдение ограничено"
100000004019124100,consolidator,0.772243880326,2,0.717393853225,"3 плательщиков, 3 входящих tx, вход 193000.00 KZT; признаки консолидации, вход неполон"
100000004021459100,peripheral,0.050000000000,90,0.000000000000,"Недостаточно признаков: вход 0 gid, выход 0 gid, depth=0; наблюдение ограничено"
100000004030553100,peripheral,0.150000000000,3,0.249763965762,"Недостаточно признаков: вход 1 gid, выход 0 gid, depth=4; наблюдение ограничено"
100000004035925100,peripheral,0.150000000000,66,0.334914257373,"Недостаточно признаков: вход 1 gid, выход 0 gid, depth=4; наблюдение ограничено"
100000004041163100,peripheral,0.150000000000,23,0.646976179276,"Недостаточно признаков: вход 1 gid, выход 2 gid, depth=0; наблюдение ограничено"
100000004041294100,peripheral,0.150000000000,27,0.182200035749,"Недостаточно признаков: вход 1 gid, выход 0 gid, depth=4; наблюдение ограничено"
100000004047887100,peripheral,0.150000000000,41,0.306467776703,"Недостаточно признаков: вход 1 gid, выход 0 gid, depth=4; наблюдение ограничено"
100000004049912100,peripheral,0.150000000000,21,0.161473252438,"Недостаточно признаков: вход 1 gid, выход 0 gid, depth=4; наблюдение ограничено"
100000004058740100,peripheral,0.150000000000,7,0.293543527385,"Недостаточно признаков: вход 1 gid, выход 0 gid, depth=1; наблюдение ограничено"
100000004064431100,peripheral,0.150000000000,39,0.233737177036,"Недостаточно признаков: вход 1 gid, выход 1 gid, depth=3; наблюдение ограничено"
100000004066370100,peripheral,0.150000000000,38,0.247251628391,"Недостаточно признаков: вход 1 gid, выход 0 gid, depth=4; наблюдение ограничено"
100000004066647100,peripheral,0.150000000000,21,0.237247142074,"Недостаточно признаков: вход 1 gid, выход 0 gid, depth=3; наблюдение ограничено"
100000004070318100,distributor,0.816992074928,0,0.806883802450,"19 получателей, 37 исходящих tx, выход 551860.00 KZT; веер исходящих переводов"
100000004070530100,peripheral,0.150000000000,41,0.284081056200,"Недостаточно признаков: вход 1 gid, выход 0 gid, depth=4; наблюдение ограничено"
100000004071070100,peripheral,0.150000000000,0,0.424903346494,"Недостаточно признаков: вход 2 gid, выход 1 gid, depth=2; наблюдение ограничено"
100000004071080100,consolidator,0.845010199456,0,0.701763649890,"9 плательщиков, 16 входящих tx, вход 238600.00 KZT; признаки консолидации, вход неполон"
100000004071444100,peripheral,0.150000000000,0,0.350547757853,"Недостаточно признаков: вход 1 gid, выход 1 gid, depth=3; наблюдение ограничено"
100000004076740100,consolidator,0.790681097008,35,0.666590322985,"3 плательщиков, 5 входящих tx, вход 93250.00 KZT; признаки консолидации, вход неполон"
100000004077081100,peripheral,0.150000000000,1,0.577909155040,"Недостаточно признаков: вход 1 gid, выход 4 gid, depth=3; наблюдение ограничено"
100000004094958100,peripheral,0.150000000000,61,0.329243446324,"Недостаточно признаков: вход 1 gid, выход 1 gid, depth=1; наблюдение ограничено"
100000004096559100,peripheral,0.150000000000,11,0.228543687611,"Недостаточно признаков: вход 1 gid, выход 0 gid, depth=3; наблюдение ограничено"
100000004097972100,peripheral,0.150000000000,0,0.447396313594,"Недостаточно признаков: вход 1 gid, выход 2 gid, depth=3; наблюдение ограничено"
100000004099450100,peripheral,0.150000000000,0,0.212662126372,"Недостаточно признаков: вход 1 gid, выход 0 gid, depth=3; наблюдение ограничено"
100000004105288100,terminal,0.447914777879,1,0.618308949501,"2 плательщиков, 2 даты входа, последний день 19; r=0.000, исходящие вне выборки неизвестны"
100000004107228100,peripheral,0.150000000000,1,0.212524340012,"Недостаточно признаков: вход 1 gid, выход 0 gid, depth=4; наблюдение ограничено"
100000004114962100,terminal,0.447914777879,4,0.494069547557,"2 плательщиков, 2 даты входа, последний день 7; r=0.000, исходящие вне выборки неизвестны"
100000004130144100,peripheral,0.150000000000,11,0.375059902441,"Недостаточно признаков: вход 1 gid, выход 0 gid, depth=1; наблюдение ограничено"
100000004134060100,peripheral,0.150000000000,20,0.374092732768,"Недостаточно признаков: вход 1 gid, выход 0 gid, depth=2; наблюдение ограничено"
100000004135268100,transit,0.198171930875,52,0.613748317397,"Вход 1239000.00, выход 1000200.00 KZT, r=0.807; сходство объёмов, порядок не известен"
100000004140487100,distributor,0.778043948127,1,0.480271516569,"10 получателей, 19 исходящих tx, выход 262600.00 KZT; веер исходящих переводов"
100000004140994100,peripheral,0.150000000000,6,0.184443194116,"Недостаточно признаков: вход 1 gid, выход 0 gid, depth=3; наблюдение ограничено"
100000004144536100,consolidator,0.814705349048,39,0.510893818426,"4 плательщиков, 6 входящих tx, вход 168000.00 KZT; признаки консолидации, вход неполон"
100000004150593100,distributor,0.777982708934,2,0.604216177286,"11 получателей, 16 исходящих tx, выход 871165.00 KZT; веер исходящих переводов"
100000004156082100,consolidator,0.825474841342,16,0.879814144104,"5 плательщиков, 7 входящих tx, вход 377366.11 KZT; признаки консолидации, вход неполон"
100000004158362100,peripheral,0.150000000000,0,0.231501459797,"Недостаточно признаков: вход 1 gid, выход 0 gid, depth=2; наблюдение ограничено"
100000004159526100,consolidator,0.804590888486,15,0.777950877419,"4 плательщиков, 4 входящих tx, вход 275037.00 KZT; признаки консолидации, вход неполон"
100000004160650100,distributor,0.790720461095,39,0.562406422131,"10 получателей, 40 исходящих tx, выход 1489827.00 KZT; веер исходящих переводов"
100000004167082100,peripheral,0.150000000000,14,0.234417565674,"Недостаточно признаков: вход 1 gid, выход 0 gid, depth=4; наблюдение ограничено"
100000004174835100,peripheral,0.050000000000,91,0.000000000000,"Недостаточно признаков: вход 0 gid, выход 0 gid, depth=0; наблюдение ограничено"
100000004177936100,peripheral,0.150000000000,3,0.161473252438,"Недостаточно признаков: вход 1 gid, выход 0 gid, depth=4; наблюдение ограничено"
100000004180097100,consolidator,0.790681097008,0,0.644042690812,"3 плательщиков, 5 входящих tx, вход 104854.00 KZT; признаки консолидации, вход неполон"
100000004183610100,peripheral,0.150000000000,14,0.458618545526,"Недостаточно признаков: вход 1 gid, выход 1 gid, depth=3; наблюдение ограничено"
100000004184158100,peripheral,0.150000000000,0,0.293101785412,"Недостаточно признаков: вход 1 gid, выход 0 gid, depth=3; наблюдение ограничено"
100000004185681100,peripheral,0.150000000000,1,0.161473252438,"Недостаточно признаков: вход 1 gid, выход 0 gid, depth=3; наблюдение ограничено"
100000004186824100,terminal,0.443264179183,2,0.618066882155,"2 плательщиков, 6 даты входа, последний день 20; r=0.015, исходящие вне выборки неизвестны"
100000004188160100,peripheral,0.150000000000,2,0.749159800839,"Недостаточно признаков: вход 2 gid, выход 5 gid, depth=1; наблюдение ограничено"
100000004192107100,peripheral,0.150000000000,1,0.264700203628,"Недостаточно признаков: вход 1 gid, выход 0 gid, depth=2; наблюдение ограничено"
100000004192865100,peripheral,0.150000000000,72,0.248373207575,"Недостаточно признаков: вход 1 gid, выход 0 gid, depth=2; наблюдение ограничено"
100000004193835100,peripheral,0.150000000000,2,0.368748935048,"Недостаточно признаков: вход 1 gid, выход 1 gid, depth=0; наблюдение ограничено"
100000004200745100,peripheral,0.150000000000,12,0.339711419420,"Недостаточно признаков: вход 1 gid, выход 0 gid, depth=4; наблюдение ограничено"
100000004206046100,peripheral,0.150000000000,2,0.313773618997,"Недостаточно признаков: вход 1 gid, выход 0 gid, depth=1; наблюдение ограничено"
100000004209339100,peripheral,0.150000000000,34,0.513131026619,"Недостаточно признаков: вход 1 gid, выход 2 gid, depth=2; наблюдение ограничено"
100000004213658100,peripheral,0.150000000000,7,0.285154115092,"Недостаточно признаков: вход 1 gid, выход 0 gid, depth=1; наблюдение ограничено"
100000004217419100,terminal,0.274151483494,3,0.509684846392,"2 плательщиков, 3 даты входа, последний день 23; r=0.065, исходящие вне выборки неизвестны"
100000004218576100,peripheral,0.150000000000,7,0.286275694276,"Недостаточно признаков: вход 1 gid, выход 0 gid, depth=1; наблюдение ограничено"
100000004221668100,consolidator,0.820716228468,8,0.567419577763,"4 плательщиков, 8 входящих tx, вход 1128300.00 KZT; признаки консолидации, вход неполон"
100000004222274100,peripheral,0.150000000000,0,0.175605150150,"Недостаточно признаков: вход 1 gid, выход 0 gid, depth=4; наблюдение ограничено"
100000004225615100,peripheral,0.150000000000,19,0.259723588912,"Недостаточно признаков: вход 1 gid, выход 0 gid, depth=2; наблюдение ограничено"
100000004226848100,peripheral,0.150000000000,1,0.506118144548,"Недостаточно признаков: вход 1 gid, выход 0 gid, depth=1; наблюдение ограничено"
100000004232712100,peripheral,0.150000000000,4,0.264341262571,"Недостаточно признаков: вход 1 gid, выход 0 gid, depth=4; наблюдение ограничено"
100000004235471100,peripheral,0.150000000000,4,0.383183792853,"Недостаточно признаков: вход 1 gid, выход 0 gid, depth=4; наблюдение ограничено"
100000004241142100,peripheral,0.150000000000,0,0.270756731219,"Недостаточно признаков: вход 1 gid, выход 0 gid, depth=4; наблюдение ограничено"
100000004254434100,peripheral,0.150000000000,7,0.309021320117,"Недостаточно признаков: вход 1 gid, выход 0 gid, depth=1; наблюдение ограничено"
100000004257714100,peripheral,0.150000000000,6,0.238278994923,"Недостаточно признаков: вход 1 gid, выход 0 gid, depth=3; наблюдение ограничено"
100000004260869100,peripheral,0.150000000000,2,0.161473252438,"Недостаточно признаков: вход 1 gid, выход 0 gid, depth=4; наблюдение ограничено"
100000004261340100,peripheral,0.150000000000,0,0.296328736603,"Недостаточно признаков: вход 1 gid, выход 0 gid, depth=4; наблюдение ограничено"
100000004263867100,peripheral,0.150000000000,22,0.157435567377,"Недостаточно признаков: вход 1 gid, выход 0 gid, depth=4; наблюдение ограничено"
100000004265639100,peripheral,0.150000000000,3,0.161473252438,"Недостаточно признаков: вход 1 gid, выход 0 gid, depth=4; наблюдение ограничено"
100000004268036100,peripheral,0.150000000000,22,0.150975271280,"Недостаточно признаков: вход 1 gid, выход 0 gid, depth=4; наблюдение ограничено"
100000004269433100,peripheral,0.150000000000,16,0.214099801800,"Недостаточно признаков: вход 0 gid, выход 1 gid, depth=0; наблюдение ограничено"
100000004272302100,peripheral,0.150000000000,47,0.161473252438,"Недостаточно признаков: вход 1 gid, выход 0 gid, depth=4; наблюдение ограничено"
100000004278574100,peripheral,0.150000000000,4,0.347763008901,"Недостаточно признаков: вход 1 gid, выход 1 gid, depth=3; наблюдение ограничено"
100000004285800100,peripheral,0.150000000000,0,0.312194329095,"Недостаточно признаков: вход 1 gid, выход 1 gid, depth=2; наблюдение ограничено"
100000004286573100,peripheral,0.150000000000,12,0.262273899749,"Недостаточно признаков: вход 1 gid, выход 0 gid, depth=1; наблюдение ограничено"
100000004291560100,peripheral,0.150000000000,0,0.295207157419,"Недостаточно признаков: вход 1 gid, выход 0 gid, depth=3; наблюдение ограничено"
100000004291663100,peripheral,0.150000000000,0,0.264700203628,"Недостаточно признаков: вход 1 gid, выход 0 gid, depth=4; наблюдение ограничено"
100000004292885100,peripheral,0.150000000000,6,0.271029107081,"Недостаточно признаков: вход 1 gid, выход 0 gid, depth=3; наблюдение ограничено"
100000004299488100,consolidator,0.841060743427,0,0.765941940965,"6 плательщиков, 22 входящих tx, вход 1749000.00 KZT; признаки консолидации, вход неполон"
100000004315838100,peripheral,0.150000000000,1,0.627218051999,"Недостаточно признаков: вход 2 gid, выход 1 gid, depth=1; наблюдение ограничено"
100000004318918100,peripheral,0.150000000000,10,0.459566125420,"Недостаточно признаков: вход 1 gid, выход 0 gid, depth=1; наблюдение ограничено"
100000004321983100,peripheral,0.150000000000,8,0.286151887488,"Недостаточно признаков: вход 1 gid, выход 2 gid, depth=3; наблюдение ограничено"
100000004325327100,peripheral,0.150000000000,0,0.589818478018,"Недостаточно признаков: вход 2 gid, выход 1 gid, depth=1; наблюдение ограничено"
100000004326224100,peripheral,0.150000000000,4,0.340698373383,"Недостаточно признаков: вход 1 gid, выход 0 gid, depth=4; наблюдение ограничено"
100000004330371100,peripheral,0.150000000000,2,0.707220257542,"Недостаточно признаков: вход 2 gid, выход 2 gid, depth=1; наблюдение ограничено"
100000004331458100,terminal,0.447914777879,83,0.413184489421,"2 плательщиков, 2 даты входа, последний день 16; r=0.000, исходящие вне выборки неизвестны"
100000004336228100,peripheral,0.150000000000,3,0.237650910581,"Недостаточно признаков: вход 1 gid, выход 0 gid, depth=3; наблюдение ограничено"
100000004336312100,consolidator,0.797963508613,35,0.502403148817,"3 плательщиков, 7 входящих tx, вход 90415.00 KZT; признаки консолидации, вход неполон"
100000004340038100,peripheral,0.150000000000,14,0.380064489386,"Недостаточно признаков: вход 1 gid, выход 1 gid, depth=3; наблюдение ограничено"
100000004350094100,peripheral,0.150000000000,21,0.187942521168,"Недостаточно признаков: вход 1 gid, выход 0 gid, depth=4; наблюдение ограничено"
100000004351795100,distributor,0.804131844380,0,0.843752071329,"14 получателей, 37 исходящих tx, выход 1715161.00 KZT; веер исходящих переводов"
100000004356593100,peripheral,0.150000000000,1,0.351127782171,"Недостаточно признаков: вход 1 gid, выход 1 gid, depth=2; наблюдение ограничено"
100000004358004100,distributor,0.779636167147,1,0.278947700149,"11 получателей, 17 исходящих tx, выход 980850.00 KZT; веер исходящих переводов"
100000004360785100,peripheral,0.150000000000,2,0.410049976108,"Недостаточно признаков: вход 1 gid, выход 0 gid, depth=1; наблюдение ограничено"
100000004368189100,peripheral,0.150000000000,13,0.450106153757,"Недостаточно признаков: вход 1 gid, выход 2 gid, depth=3; наблюдение ограничено"
100000004377043100,peripheral,0.150000000000,29,0.151423902954,"Недостаточно признаков: вход 1 gid, выход 0 gid, depth=4; наблюдение ограничено"
100000004379306100,peripheral,0.150000000000,3,0.173765760289,"Недостаточно признаков: вход 1 gid, выход 0 gid, depth=4; наблюдение ограничено"
100000004386258100,consolidator,0.772243880326,12,0.624249482965,"3 плательщиков, 3 входящих tx, вход 61700.00 KZT; признаки консолидации, вход неполон"
100000004386286100,peripheral,0.150000000000,12,0.232892217985,"Недостаточно признаков: вход 1 gid, выход 0 gid, depth=4; наблюдение ограничено"
100000004386331100,peripheral,0.150000000000,12,0.351194216634,"Недостаточно признаков: вход 1 gid, выход 2 gid, depth=3; наблюдение ограничено"
100000004388209100,peripheral,0.150000000000,7,0.249532760225,"Недостаточно признаков: вход 1 gid, выход 0 gid, depth=1; наблюдение ограничено"
100000004388353100,terminal,0.447914777879,10,0.568972074264,"2 плательщиков, 2 даты входа, последний день 19; r=0.000, исходящие вне выборки неизвестны"
100000004388983100,peripheral,0.150000000000,67,0.227868301393,"Недостаточно признаков: вход 0 gid, выход 2 gid, depth=0; наблюдение ограничено"
100000004390333100,peripheral,0.150000000000,0,0.755457948926,"Недостаточно признаков: вход 2 gid, выход 9 gid, depth=1; наблюдение ограничено"
100000004394765100,consolidator,0.804147778785,2,0.763731536738,"3 плательщиков, 10 входящих tx, вход 603844.00 KZT; признаки консолидации, вход неполон"
100000004398811100,peripheral,0.150000000000,1,0.417230009956,"Недостаточно признаков: вход 1 gid, выход 3 gid, depth=2; наблюдение ограничено"
100000004399686100,peripheral,0.150000000000,26,0.330966298647,"Недостаточно признаков: вход 1 gid, выход 0 gid, depth=3; наблюдение ограничено"
100000004400305100,distributor,0.845345821326,0,0.756008822124,"82 получателей, 101 исходящих tx, выход 5830181.00 KZT; веер исходящих переводов"
100000004400361100,peripheral,0.150000000000,2,0.276919112310,"Недостаточно признаков: вход 1 gid, выход 0 gid, depth=2; наблюдение ограничено"
100000004400480100,peripheral,0.150000000000,13,0.192428837902,"Недостаточно признаков: вход 1 gid, выход 0 gid, depth=4; наблюдение ограничено"
100000004403548100,peripheral,0.150000000000,3,0.147834849567,"Недостаточно признаков: вход 1 gid, выход 0 gid, depth=4; наблюдение ограничено"
100000004403641100,peripheral,0.150000000000,13,0.286372310311,"Недостаточно признаков: вход 1 gid, выход 0 gid, depth=4; наблюдение ограничено"
100000004403675100,consolidator,0.820716228468,23,0.891023167979,"4 плательщиков, 8 входящих tx, вход 182980.00 KZT; признаки консолидации, вход неполон"
100000004407753100,peripheral,0.150000000000,29,0.322499927276,"Недостаточно признаков: вход 1 gid, выход 1 gid, depth=3; наблюдение ограничено"
100000004408683100,terminal,0.469582955576,2,0.532779606990,"2 плательщиков, 3 даты входа, последний день 14; r=0.000, исходящие вне выборки неизвестны"
100000004410489100,peripheral,0.150000000000,1,0.305032191067,"Недостаточно признаков: вход 1 gid, выход 0 gid, depth=2; наблюдение ограничено"
100000004417753100,peripheral,0.150000000000,1,0.467869493550,"Недостаточно признаков: вход 2 gid, выход 0 gid, depth=3; наблюдение ограничено"
100000004418967100,peripheral,0.150000000000,5,0.265645527000,"Недостаточно признаков: вход 1 gid, выход 0 gid, depth=4; наблюдение ограничено"
100000004420041100,peripheral,0.150000000000,12,0.495961173981,"Недостаточно признаков: вход 1 gid, выход 7 gid, depth=3; наблюдение ограничено"
100000004424023100,peripheral,0.150000000000,8,0.455314419382,"Недостаточно признаков: вход 1 gid, выход 1 gid, depth=2; наблюдение ограничено"
100000004433250100,peripheral,0.150000000000,0,0.220330531130,"Недостаточно признаков: вход 1 gid, выход 0 gid, depth=4; наблюдение ограничено"
100000004435304100,peripheral,0.150000000000,18,0.204138124578,"Недостаточно признаков: вход 1 gid, выход 0 gid, depth=2; наблюдение ограничено"
100000004441291100,peripheral,0.150000000000,1,0.303388381041,"Недостаточно признаков: вход 1 gid, выход 0 gid, depth=2; наблюдение ограничено"
100000004445291100,terminal,0.447914777879,27,0.185564773299,"1 плательщиков, 2 даты входа, последний день 5; r=0.000, исходящие вне выборки неизвестны"
100000004449824100,peripheral,0.150000000000,22,0.157435567377,"Недостаточно признаков: вход 1 gid, выход 0 gid, depth=4; наблюдение ограничено"
100000004450649100,peripheral,0.150000000000,4,0.635032239106,"Недостаточно признаков: вход 2 gid, выход 2 gid, depth=3; наблюдение ограничено"
100000004451012100,peripheral,0.150000000000,21,0.396338041811,"Недостаточно признаков: вход 1 gid, выход 3 gid, depth=3; наблюдение ограничено"
100000004456564100,terminal,0.447914777879,15,0.257611787470,"1 плательщиков, 2 даты входа, последний день 27; r=0.000, исходящие вне выборки неизвестны"
100000004463277100,peripheral,0.150000000000,42,0.217372758943,"Недостаточно признаков: вход 1 gid, выход 0 gid, depth=2; наблюдение ограничено"
100000004467157100,peripheral,0.150000000000,35,0.210925230102,"Недостаточно признаков: вход 1 gid, выход 1 gid, depth=2; наблюдение ограничено"
100000004472936100,peripheral,0.150000000000,14,0.212524340012,"Недостаточно признаков: вход 1 gid, выход 0 gid, depth=4; наблюдение ограничено"
100000004475818100,peripheral,0.150000000000,4,0.380137532662,"Недостаточно признаков: вход 1 gid, выход 3 gid, depth=3; наблюдение ограничено"
100000004479404100,peripheral,0.150000000000,45,0.613548958180,"Недостаточно признаков: вход 2 gid, выход 1 gid, depth=2; наблюдение ограничено"
100000004480280100,peripheral,0.150000000000,1,0.612645846122,"Недостаточно признаков: вход 1 gid, выход 2 gid, depth=1; наблюдение ограничено"
100000004486525100,consolidator,0.844528558477,0,0.631657344920,"8 плательщиков, 21 входящих tx, вход 360924.00 KZT; признаки консолидации, вход неполон"
100000004488265100,peripheral,0.150000000000,3,0.220692633326,"Недостаточно признаков: вход 1 gid, выход 0 gid, depth=3; наблюдение ограничено"
100000004491749100,peripheral,0.150000000000,8,0.234824531038,"Недостаточно признаков: вход 1 gid, выход 0 gid, depth=3; наблюдение ограничено"
100000004491881100,peripheral,0.150000000000,7,0.263126299929,"Недостаточно признаков: вход 1 gid, выход 0 gid, depth=1; наблюдение ограничено"
100000004493586100,peripheral,0.150000000000,0,0.154878366839,"Недостаточно признаков: вход 1 gid, выход 0 gid, depth=3; наблюдение ограничено"
100000004494983100,peripheral,0.150000000000,7,0.300587044657,"Недостаточно признаков: вход 1 gid, выход 0 gid, depth=1; наблюдение ограничено"
100000004497606100,peripheral,0.150000000000,7,0.259088614868,"Недостаточно признаков: вход 1 gid, выход 0 gid, depth=1; наблюдение ограничено"
100000004500444100,peripheral,0.150000000000,15,0.459755338001,"Недостаточно признаков: вход 2 gid, выход 1 gid, depth=3; наблюдение ограничено"
100000004500781100,peripheral,0.150000000000,15,0.252007124129,"Недостаточно признаков: вход 1 gid, выход 0 gid, depth=4; наблюдение ограничено"
100000004502048100,peripheral,0.150000000000,21,0.170176706902,"Недостаточно признаков: вход 1 gid, выход 0 gid, depth=4; наблюдение ограничено"
100000004508696100,peripheral,0.150000000000,40,0.399709594967,"Недостаточно признаков: вход 1 gid, выход 3 gid, depth=3; наблюдение ограничено"
100000004509286100,peripheral,0.150000000000,1,0.420788400268,"Недостаточно признаков: вход 1 gid, выход 0 gid, depth=1; наблюдение ограничено"
100000004526651100,peripheral,0.150000000000,5,0.279549912018,"Недостаточно признаков: вход 1 gid, выход 0 gid, depth=4; наблюдение ограничено"
100000004527381100,peripheral,0.150000000000,16,0.413581706314,"Недостаточно признаков: вход 1 gid, выход 1 gid, depth=2; наблюдение ограничено"
100000004539443100,peripheral,0.150000000000,1,0.424172768561,"Недостаточно признаков: вход 2 gid, выход 0 gid, depth=3; наблюдение ограничено"
100000004544958100,peripheral,0.150000000000,10,0.500517136712,"Недостаточно признаков: вход 1 gid, выход 2 gid, depth=2; наблюдение ограничено"
100000004549591100,peripheral,0.150000000000,40,0.232312193667,"Недостаточно признаков: вход 1 gid, выход 0 gid, depth=4; наблюдение ограничено"
100000004552204100,peripheral,0.150000000000,33,0.292157485273,"Недостаточно признаков: вход 1 gid, выход 2 gid, depth=3; наблюдение ограничено"
100000004553349100,peripheral,0.150000000000,4,0.155192409010,"Недостаточно признаков: вход 1 gid, выход 0 gid, depth=3; наблюдение ограничено"
100000004559194100,terminal,0.487126019946,2,0.451952174403,"1 плательщиков, 5 даты входа, последний день 14; r=0.000, исходящие вне выборки неизвестны"
100000004564736100,terminal,0.447914777879,25,0.238455250735,"1 плательщиков, 2 даты входа, последний день 23; r=0.000, исходящие вне выборки неизвестны"
100000004569484100,coordinator,0.464593392688,9,0.637941534177,"Достижим от 2 seed, betweenness=0.00279, межкластерный объём 0.38; структурный кандидат"
100000004569637100,peripheral,0.150000000000,3,0.150975271280,"Недостаточно признаков: вход 1 gid, выход 0 gid, depth=4; наблюдение ограничено"
100000004571634100,peripheral,0.150000000000,10,0.187942521168,"Недостаточно признаков: вход 1 gid, выход 0 gid, depth=4; наблюдение ограничено"
100000004573782100,peripheral,0.150000000000,11,0.173765760289,"Недостаточно признаков: вход 1 gid, выход 0 gid, depth=2; наблюдение ограничено"
100000004580202100,peripheral,0.150000000000,25,0.429678776180,"Недостаточно признаков: вход 1 gid, выход 3 gid, depth=2; наблюдение ограничено"
100000004580254100,terminal,0.447914777879,17,0.320003690856,"2 плательщиков, 2 даты входа, последний день 19; r=0.000, исходящие вне выборки неизвестны"
100000004584730100,peripheral,0.150000000000,45,0.229844719463,"Недостаточно признаков: вход 1 gid, выход 0 gid, depth=4; наблюдение ограничено"
100000004586598100,peripheral,0.150000000000,71,0.329934445798,"Недостаточно признаков: вход 1 gid, выход 0 gid, depth=4; наблюдение ограничено"
100000004587414100,terminal,0.447914777879,4,0.533324818979,"2 плательщиков, 2 даты входа, последний день 14; r=0.000, исходящие вне выборки неизвестны"
100000004588479100,terminal,0.447914777879,2,0.434724718145,"1 плательщиков, 2 даты входа, последний день 13; r=0.000, исходящие вне выборки неизвестны"
100000004591973100,peripheral,0.150000000000,12,0.396556457599,"Недостаточно признаков: вход 1 gid, выход 1 gid, depth=3; наблюдение ограничено"
100000004592467100,peripheral,0.150000000000,1,0.154205419329,"Недостаточно признаков: вход 1 gid, выход 0 gid, depth=2; наблюдение ограничено"
100000004596284100,peripheral,0.150000000000,2,0.210329241671,"Недостаточно признаков: вход 1 gid, выход 0 gid, depth=4; наблюдение ограничено"
100000004601193100,peripheral,0.150000000000,10,0.256986935704,"Недостаточно признаков: вход 1 gid, выход 0 gid, depth=4; наблюдение ограничено"
100000004603109100,consolidator,0.800622166818,26,0.603756032941,"3 плательщиков, 8 входящих tx, вход 2730000.00 KZT; признаки консолидации, вход неполон"
100000004610802100,peripheral,0.150000000000,59,0.298261049656,"Недостаточно признаков: вход 1 gid, выход 0 gid, depth=4; наблюдение ограничено"
100000004611571100,peripheral,0.150000000000,0,0.258374497034,"Недостаточно признаков: вход 1 gid, выход 0 gid, depth=3; наблюдение ограничено"
100000004613582100,peripheral,0.150000000000,11,0.184275684838,"Недостаточно признаков: вход 1 gid, выход 1 gid, depth=3; наблюдение ограничено"
100000004616845100,peripheral,0.150000000000,57,0.190409995372,"Недостаточно признаков: вход 1 gid, выход 0 gid, depth=4; наблюдение ограничено"
100000004622227100,peripheral,0.150000000000,0,0.415028494997,"Недостаточно признаков: вход 1 gid, выход 3 gid, depth=1; наблюдение ограничено"
100000004629688100,peripheral,0.150000000000,16,0.292887004254,"Недостаточно признаков: вход 1 gid, выход 1 gid, depth=3; наблюдение ограничено"
100000004634420100,peripheral,0.150000000000,6,0.203420313900,"Недостаточно признаков: вход 1 gid, выход 0 gid, depth=3; наблюдение ограничено"
100000004635886100,peripheral,0.150000000000,2,0.258957718209,"Недостаточно признаков: вход 1 gid, выход 0 gid, depth=3; наблюдение ограничено"
100000004644615100,peripheral,0.150000000000,10,0.378964268823,"Недостаточно признаков: вход 1 gid, выход 2 gid, depth=3; наблюдение ограничено"
100000004652395100,consolidator,0.790681097008,0,0.497654233598,"3 плательщиков, 5 входящих tx, вход 101528.00 KZT; признаки консолидации, вход неполон"
100000004655046100,peripheral,0.150000000000,9,0.197139470473,"Недостаточно признаков: вход 1 gid, выход 0 gid, depth=4; наблюдение ограничено"
100000004657034100,peripheral,0.150000000000,4,0.374659791059,"Недостаточно признаков: вход 1 gid, выход 0 gid, depth=3; наблюдение ограничено"
100000004659919100,peripheral,0.150000000000,50,0.407720570660,"Недостаточно признаков: вход 1 gid, выход 1 gid, depth=3; наблюдение ограничено"
100000004662806100,peripheral,0.150000000000,12,0.643205498384,"Недостаточно признаков: вход 2 gid, выход 2 gid, depth=1; наблюдение ограничено"
100000004664515100,peripheral,0.150000000000,0,0.303278834698,"Недостаточно признаков: вход 1 gid, выход 0 gid, depth=1; наблюдение ограничено"
100000004664905100,terminal,0.479193109701,2,0.570554393890,"2 плательщиков, 4 даты входа, последний день 21; r=0.000, исходящие вне выборки неизвестны"
100000004666651100,peripheral,0.150000000000,68,0.431966218636,"Недостаточно признаков: вход 1 gid, выход 0 gid, depth=2; наблюдение ограничено"
100000004670388100,peripheral,0.150000000000,49,0.422995894735,"Недостаточно признаков: вход 1 gid, выход 2 gid, depth=3; наблюдение ограничено"
100000004671609100,peripheral,0.150000000000,13,0.265645527000,"Недостаточно признаков: вход 1 gid, выход 0 gid, depth=3; наблюдение ограничено"
100000004673335100,peripheral,0.150000000000,30,0.254923230006,"Недостаточно признаков: вход 1 gid, выход 0 gid, depth=4; наблюдение ограничено"
100000004674178100,peripheral,0.150000000000,27,0.187942521168,"Недостаточно признаков: вход 1 gid, выход 0 gid, depth=4; наблюдение ограничено"
100000004674389100,peripheral,0.150000000000,10,0.173765760289,"Недостаточно признаков: вход 1 gid, выход 0 gid, depth=4; наблюдение ограничено"
100000004674412100,peripheral,0.150000000000,10,0.228274508607,"Недостаточно признаков: вход 1 gid, выход 0 gid, depth=4; наблюдение ограничено"
100000004674799100,terminal,0.484043517679,0,0.373762527712,"1 плательщиков, 3 даты входа, последний день 23; r=0.000, исходящие вне выборки неизвестны"
100000004676985100,peripheral,0.150000000000,0,0.330804767366,"Недостаточно признаков: вход 1 gid, выход 1 gid, depth=3; наблюдение ограничено"
100000004677680100,peripheral,0.150000000000,10,0.688835814818,"Недостаточно признаков: вход 2 gid, выход 1 gid, depth=1; наблюдение ограничено"
100000004679953100,consolidator,0.772243880326,3,0.752136883726,"3 плательщиков, 3 входящих tx, вход 343538.00 KZT; признаки консолидации, вход неполон"
100000004687099100,peripheral,0.150000000000,11,0.210329241671,"Недостаточно признаков: вход 1 gid, выход 0 gid, depth=2; наблюдение ограничено"
100000004687282100,peripheral,0.150000000000,2,0.187942521168,"Недостаточно признаков: вход 1 gid, выход 0 gid, depth=2; наблюдение ограничено"
100000004689658100,peripheral,0.150000000000,3,0.370467004152,"Недостаточно признаков: вход 1 gid, выход 1 gid, depth=3; наблюдение ограничено"
100000004691350100,peripheral,0.150000000000,49,0.169728075228,"Недостаточно признаков: вход 1 gid, выход 0 gid, depth=4; наблюдение ограничено"
100000004692798100,terminal,0.291931088519,12,0.518908922876,"2 плательщиков, 4 даты входа, последний день 24; r=0.062, исходящие вне выборки неизвестны"
100000004697956100,peripheral,0.150000000000,8,0.184455961372,"Недостаточно признаков: вход 1 gid, выход 1 gid, depth=3; наблюдение ограничено"
100000004698193100,peripheral,0.150000000000,8,0.492438124866,"Недостаточно признаков: вход 2 gid, выход 3 gid, depth=2; наблюдение ограничено"
100000004707703100,transit,0.487554037079,2,0.717143637884,"Вход 239300.00, выход 231650.00 KZT, r=0.968; сходство объёмов, порядок не известен"
100000004713684100,peripheral,0.150000000000,0,0.284529723593,"Недостаточно признаков: вход 1 gid, выход 0 gid, depth=3; наблюдение ограничено"
100000004714705100,peripheral,0.150000000000,23,0.095616176857,"Недостаточно признаков: вход 0 gid, выход 1 gid, depth=0; наблюдение ограничено"
100000004715209100,peripheral,0.150000000000,31,0.465204315719,"Недостаточно признаков: вход 1 gid, выход 5 gid, depth=3; наблюдение ограничено"
100000004717647100,peripheral,0.150000000000,45,0.495621543176,"Недостаточно признаков: вход 1 gid, выход 5 gid, depth=3; наблюдение ограничено"
100000004722630100,peripheral,0.150000000000,49,0.310060062667,"Недостаточно признаков: вход 1 gid, выход 0 gid, depth=4; наблюдение ограничено"
100000004722765100,peripheral,0.150000000000,47,0.478631770479,"Недостаточно признаков: вход 1 gid, выход 3 gid, depth=3; наблюдение ограничено"
100000004723755100,peripheral,0.150000000000,1,0.139268038678,"Недостаточно признаков: вход 0 gid, выход 1 gid, depth=0; наблюдение ограничено"
100000004726132100,peripheral,0.150000000000,0,0.362391634031,"Недостаточно признаков: вход 1 gid, выход 1 gid, depth=3; наблюдение ограничено"
100000004732589100,peripheral,0.150000000000,10,0.295255217445,"Недостаточно признаков: вход 1 gid, выход 0 gid, depth=2; наблюдение ограничено"
100000004737477100,transit,0.214914201687,0,0.546080222768,"Вход 49598.00, выход 40500.00 KZT, r=0.817; сходство объёмов, порядок не известен"
100000004737764100,peripheral,0.150000000000,1,0.325851897570,"Недостаточно признаков: вход 1 gid, выход 0 gid, depth=3; наблюдение ограничено"
100000004739664100,peripheral,0.150000000000,7,0.284444690210,"Недостаточно признаков: вход 1 gid, выход 1 gid, depth=1; наблюдение ограничено"
100000004741837100,peripheral,0.150000000000,2,0.350292237212,"Недостаточно признаков: вход 1 gid, выход 0 gid, depth=1; наблюдение ограничено"
100000004744306100,peripheral,0.150000000000,23,0.554035652960,"Недостаточно признаков: вход 1 gid, выход 2 gid, depth=1; наблюдение ограничено"
100000004746397100,peripheral,0.150000000000,4,0.505227932870,"Недостаточно признаков: вход 1 gid, выход 1 gid, depth=3; наблюдение ограничено"
100000004747154100,peripheral,0.150000000000,31,0.248597523411,"Недостаточно признаков: вход 1 gid, выход 0 gid, depth=4; наблюдение ограничено"
100000004750321100,peripheral,0.150000000000,9,0.446380000675,"Недостаточно признаков: вход 2 gid, выход 0 gid, depth=3; наблюдение ограничено"
100000004750897100,peripheral,0.150000000000,16,0.257611787470,"Недостаточно признаков: вход 1 gid, выход 0 gid, depth=3; наблюдение ограничено"
100000004756901100,peripheral,0.150000000000,2,0.397242127115,"Недостаточно признаков: вход 1 gid, выход 0 gid, depth=2; наблюдение ограничено"
100000004759121100,consolidator,0.835570036265,0,0.781180663196,"6 плательщиков, 10 входящих tx, вход 710000.00 KZT; признаки консолидации, вход неполон"
100000004765639100,peripheral,0.150000000000,0,0.221328992144,"Недостаточно признаков: вход 1 gid, выход 2 gid, depth=2; наблюдение ограничено"
100000004770073100,peripheral,0.150000000000,0,0.202185263461,"Недостаточно признаков: вход 1 gid, выход 1 gid, depth=3; наблюдение ограничено"
100000004777215100,peripheral,0.150000000000,24,0.309249328797,"Недостаточно признаков: вход 1 gid, выход 0 gid, depth=4; наблюдение ограничено"
100000004779204100,peripheral,0.150000000000,0,0.328382156329,"Недостаточно признаков: вход 1 gid, выход 1 gid, depth=3; наблюдение ограничено"
100000004780083100,peripheral,0.150000000000,59,0.158602009728,"Недостаточно признаков: вход 1 gid, выход 0 gid, depth=4; наблюдение ограничено"
100000004780327100,peripheral,0.150000000000,22,0.166811969351,"Недостаточно признаков: вход 1 gid, выход 0 gid, depth=4; наблюдение ограничено"
100000004783447100,peripheral,0.150000000000,7,0.287352410292,"Недостаточно признаков: вход 1 gid, выход 0 gid, depth=1; наблюдение ограничено"
100000004784224100,peripheral,0.150000000000,26,0.372760718643,"Недостаточно признаков: вход 1 gid, выход 1 gid, depth=1; наблюдение ограничено"
100000004788983100,peripheral,0.150000000000,0,0.270263236379,"Недостаточно признаков: вход 1 gid, выход 0 gid, depth=4; наблюдение ограничено"
100000004790991100,terminal,0.479193109701,2,0.445671330976,"1 плательщиков, 4 даты входа, последний день 15; r=0.000, исходящие вне выборки неизвестны"
100000004791226100,peripheral,0.150000000000,0,0.252632011614,"Недостаточно признаков: вход 1 gid, выход 0 gid, depth=4; наблюдение ограничено"
100000004792397100,peripheral,0.150000000000,7,0.335041957174,"Недостаточно признаков: вход 1 gid, выход 0 gid, depth=1; наблюдение ограничено"
100000004797167100,peripheral,0.150000000000,3,0.212662126372,"Недостаточно признаков: вход 1 gid, выход 0 gid, depth=4; наблюдение ограничено"
100000004798515100,peripheral,0.150000000000,12,0.291845616727,"Недостаточно признаков: вход 1 gid, выход 0 gid, depth=4; наблюдение ограничено"
100000004800452100,peripheral,0.150000000000,4,0.249446691014,"Недостаточно признаков: вход 1 gid, выход 0 gid, depth=4; наблюдение ограничено"
100000004800648100,peripheral,0.150000000000,12,0.275335971146,"Недостаточно признаков: вход 1 gid, выход 0 gid, depth=4; наблюдение ограничено"
100000004806903100,peripheral,0.150000000000,1,0.306724203994,"Недостаточно признаков: вход 1 gid, выход 0 gid, depth=2; наблюдение ограничено"
100000004813068100,peripheral,0.150000000000,26,0.230822385815,"Недостаточно признаков: вход 0 gid, выход 3 gid, depth=0; наблюдение ограничено"
100000004816564100,peripheral,0.150000000000,16,0.452069872966,"Недостаточно признаков: вход 1 gid, выход 1 gid, depth=2; наблюдение ограничено"
100000004820260100,transit,0.447612648443,16,0.501810362552,"Вход 234200.00, выход 215350.00 KZT, r=0.920; сходство объёмов, порядок не известен"
100000004825069100,terminal,0.479193109701,18,0.210329241671,"1 плательщиков, 3 даты входа, последний день 28; r=0.000, исходящие вне выборки неизвестны"
100000004840086100,peripheral,0.150000000000,0,0.265645527000,"Недостаточно признаков: вход 1 gid, выход 0 gid, depth=4; наблюдение ограничено"
100000004841728100,peripheral,0.150000000000,7,0.321403554303,"Недостаточно признаков: вход 1 gid, выход 0 gid, depth=1; наблюдение ограничено"
100000004847758100,consolidator,0.804590888486,1,0.800057965797,"4 плательщиков, 4 входящих tx, вход 115171.00 KZT; признаки консолидации, вход неполон"
100000004848236100,peripheral,0.150000000000,0,0.219567857285,"Недостаточно признаков: вход 1 gid, выход 0 gid, depth=4; наблюдение ограничено"
100000004850609100,peripheral,0.150000000000,0,0.161473252438,"Недостаточно признаков: вход 1 gid, выход 0 gid, depth=4; наблюдение ограничено"
100000004856746100,peripheral,0.150000000000,35,0.187942521168,"Недостаточно признаков: вход 1 gid, выход 0 gid, depth=4; наблюдение ограничено"
100000004877085100,peripheral,0.150000000000,14,0.494809461544,"Недостаточно признаков: вход 1 gid, выход 3 gid, depth=3; наблюдение ограничено"
100000004889043100,terminal,0.479193109701,0,0.512328856664,"2 плательщиков, 3 даты входа, последний день 21; r=0.000, исходящие вне выборки неизвестны"
100000004890713100,peripheral,0.150000000000,9,0.287804734808,"Недостаточно признаков: вход 1 gid, выход 0 gid, depth=4; наблюдение ограничено"
100000004891562100,peripheral,0.150000000000,22,0.267978411702,"Недостаточно признаков: вход 1 gid, выход 0 gid, depth=4; наблюдение ограничено"
100000004892144100,terminal,0.369555213055,26,0.546482529985,"2 плательщиков, 4 даты входа, последний день 16; r=0.040, исходящие вне выборки неизвестны"
100000004904960100,terminal,0.447914777879,0,0.443300605013,"2 плательщиков, 2 даты входа, последний день 6; r=0.000, исходящие вне выборки неизвестны"
100000004905207100,peripheral,0.150000000000,15,0.409608198416,"Недостаточно признаков: вход 1 gid, выход 0 gid, depth=2; наблюдение ограничено"
100000004906181100,peripheral,0.150000000000,37,0.605785970922,"Недостаточно признаков: вход 1 gid, выход 7 gid, depth=3; наблюдение ограничено"
100000004908173100,peripheral,0.150000000000,5,0.191441848221,"Недостаточно признаков: вход 1 gid, выход 0 gid, depth=4; наблюдение ограничено"
100000004911971100,peripheral,0.150000000000,37,0.313511293975,"Недостаточно признаков: вход 1 gid, выход 0 gid, depth=4; наблюдение ограничено"
100000004917367100,terminal,0.447914777879,4,0.482719166220,"2 плательщиков, 2 даты входа, последний день 23; r=0.000, исходящие вне выборки неизвестны"
100000004921657100,peripheral,0.150000000000,1,0.280639395290,"Недостаточно признаков: вход 1 gid, выход 1 gid, depth=3; наблюдение ограничено"
100000004931931100,peripheral,0.150000000000,0,0.343321591054,"Недостаточно признаков: вход 1 gid, выход 1 gid, depth=3; наблюдение ограничено"
100000004948177100,consolidator,0.800622166818,2,0.599038137804,"3 плательщиков, 8 входящих tx, вход 437163.00 KZT; признаки консолидации, вход неполон"
100000004950490100,peripheral,0.150000000000,11,0.161473252438,"Недостаточно признаков: вход 1 gid, выход 0 gid, depth=2; наблюдение ограничено"
100000004959752100,peripheral,0.150000000000,1,0.308682234787,"Недостаточно признаков: вход 1 gid, выход 0 gid, depth=3; наблюдение ограничено"
100000004962193100,consolidator,0.840193789665,0,0.577348647504,"8 плательщиков, 11 входящих tx, вход 900468.00 KZT; признаки консолидации, вход неполон"
100000004970752100,peripheral,0.150000000000,0,0.161473252438,"Недостаточно признаков: вход 1 gid, выход 0 gid, depth=3; наблюдение ограничено"
100000004971871100,peripheral,0.150000000000,79,0.178565366777,"Недостаточно признаков: вход 1 gid, выход 1 gid, depth=0; наблюдение ограничено"
100000004975919100,peripheral,0.150000000000,3,0.303747648630,"Недостаточно признаков: вход 1 gid, выход 2 gid, depth=3; наблюдение ограничено"
100000004976946100,peripheral,0.150000000000,43,0.363488898110,"Недостаточно признаков: вход 1 gid, выход 0 gid, depth=4; наблюдение ограничено"
100000004979264100,peripheral,0.150000000000,5,0.221410444004,"Недостаточно признаков: вход 1 gid, выход 0 gid, depth=4; наблюдение ограничено"
100000004979283100,peripheral,0.150000000000,9,0.222846065358,"Недостаточно признаков: вход 1 gid, выход 0 gid, depth=3; наблюдение ограничено"
100000004979498100,peripheral,0.150000000000,52,0.351122628038,"Недостаточно признаков: вход 1 gid, выход 1 gid, depth=2; наблюдение ограничено"
100000004981068100,peripheral,0.150000000000,3,0.226162742884,"Недостаточно признаков: вход 1 gid, выход 0 gid, depth=4; наблюдение ограничено"
100000004984689100,peripheral,0.150000000000,3,0.239176258270,"Недостаточно признаков: вход 1 gid, выход 0 gid, depth=3; наблюдение ограничено"
100000004988240100,peripheral,0.150000000000,0,0.252632011614,"Недостаточно признаков: вход 1 gid, выход 0 gid, depth=4; наблюдение ограничено"
100000004991593100,peripheral,0.150000000000,3,0.323156874953,"Недостаточно признаков: вход 1 gid, выход 0 gid, depth=4; наблюдение ограничено"
100000004991812100,peripheral,0.150000000000,25,0.226162742884,"Недостаточно признаков: вход 1 gid, выход 0 gid, depth=3; наблюдение ограничено"
100000004993576100,peripheral,0.150000000000,16,0.381164950323,"Недостаточно признаков: вход 1 gid, выход 0 gid, depth=2; наблюдение ограничено"
100000004997515100,consolidator,0.804590888486,5,0.731616867178,"4 плательщиков, 4 входящих tx, вход 395000.00 KZT; признаки консолидации, вход неполон"
100000005008589100,peripheral,0.150000000000,0,0.224820044721,"Недостаточно признаков: вход 1 gid, выход 0 gid, depth=3; наблюдение ограничено"
100000005010159100,peripheral,0.150000000000,3,0.154654051002,"Недостаточно признаков: вход 1 gid, выход 0 gid, depth=4; наблюдение ограничено"
100000005017150100,peripheral,0.050000000000,92,0.000000000000,"Недостаточно признаков: вход 0 gid, выход 0 gid, depth=0; наблюдение ограничено"
100000005022552100,terminal,0.407342291675,2,0.385933249036,"1 плательщиков, 3 даты входа, последний день 14; r=0.021, исходящие вне выборки неизвестны"
100000005022964100,peripheral,0.150000000000,1,0.303388381041,"Недостаточно признаков: вход 1 gid, выход 0 gid, depth=2; наблюдение ограничено"
100000005025629100,peripheral,0.150000000000,4,0.246037090296,"Недостаточно признаков: вход 1 gid, выход 0 gid, depth=4; наблюдение ограничено"
100000005030592100,peripheral,0.150000000000,16,0.257611787470,"Недостаточно признаков: вход 1 gid, выход 0 gid, depth=2; наблюдение ограничено"
100000005031696100,peripheral,0.150000000000,50,0.516472845756,"Недостаточно признаков: вход 1 gid, выход 2 gid, depth=2; наблюдение ограничено"
100000005032294100,peripheral,0.150000000000,15,0.257611787470,"Недостаточно признаков: вход 1 gid, выход 0 gid, depth=2; наблюдение ограничено"
100000005034574100,peripheral,0.150000000000,67,0.383763356905,"Недостаточно признаков: вход 1 gid, выход 0 gid, depth=1; наблюдение ограничено"
100000005037490100,peripheral,0.150000000000,14,0.366986613263,"Недостаточно признаков: вход 1 gid, выход 2 gid, depth=3; наблюдение ограничено"
100000005041147100,peripheral,0.150000000000,0,0.226162742884,"Недостаточно признаков: вход 1 gid, выход 0 gid, depth=4; наблюдение ограничено"
100000005041905100,peripheral,0.150000000000,6,0.357538060968,"Недостаточно признаков: вход 1 gid, выход 1 gid, depth=3; наблюдение ограничено"
100000005042822100,peripheral,0.150000000000,32,0.333613225520,"Недостаточно признаков: вход 1 gid, выход 0 gid, depth=4; наблюдение ограничено"
100000005048668100,coordinator,0.504711917497,3,0.692541002098,"Достижим от 4 seed, betweenness=0.00065, межкластерный объём 0.29; структурный кандидат"
100000005049404100,peripheral,0.150000000000,4,0.359899809004,"Недостаточно признаков: вход 1 gid, выход 0 gid, depth=4; наблюдение ограничено"
100000005052998100,peripheral,0.150000000000,0,0.312640652058,"Недостаточно признаков: вход 1 gid, выход 1 gid, depth=3; наблюдение ограничено"
100000005053653100,peripheral,0.150000000000,14,0.526991530348,"Недостаточно признаков: вход 2 gid, выход 1 gid, depth=2; наблюдение ограничено"
100000005055454100,peripheral,0.150000000000,42,0.153128703313,"Недостаточно признаков: вход 1 gid, выход 0 gid, depth=3; наблюдение ограничено"
100000005056870100,peripheral,0.150000000000,46,0.271156806883,"Недостаточно признаков: вход 1 gid, выход 0 gid, depth=1; наблюдение ограничено"
100000005059998100,peripheral,0.150000000000,1,0.183276751765,"Недостаточно признаков: вход 1 gid, выход 0 gid, depth=2; наблюдение ограничено"
100000005061890100,peripheral,0.150000000000,1,0.259723588912,"Недостаточно признаков: вход 1 gid, выход 0 gid, depth=3; наблюдение ограничено"
100000005074393100,consolidator,0.810775158658,14,0.849218059036,"4 плательщиков, 5 входящих tx, вход 563026.00 KZT; признаки консолидации, вход неполон"
100000005075949100,peripheral,0.150000000000,47,0.341643732474,"Недостаточно признаков: вход 1 gid, выход 0 gid, depth=4; наблюдение ограничено"
100000005077484100,peripheral,0.150000000000,42,0.339363161550,"Недостаточно признаков: вход 1 gid, выход 2 gid, depth=2; наблюдение ограничено"
100000005079473100,peripheral,0.150000000000,3,0.221051538665,"Недостаточно признаков: вход 1 gid, выход 0 gid, depth=4; наблюдение ограничено"
100000005079754100,peripheral,0.150000000000,1,0.601102905180,"Недостаточно признаков: вход 1 gid, выход 2 gid, depth=1; наблюдение ограничено"
100000005082652100,peripheral,0.150000000000,11,0.210329241671,"Недостаточно признаков: вход 1 gid, выход 0 gid, depth=3; наблюдение ограничено"
100000005087431100,peripheral,0.050000000000,93,0.000000000000,"Недостаточно признаков: вход 0 gid, выход 0 gid, depth=0; наблюдение ограничено"
100000005087923100,peripheral,0.150000000000,8,0.187942521168,"Недостаточно признаков: вход 1 gid, выход 0 gid, depth=4; наблюдение ограничено"
100000005089460100,peripheral,0.150000000000,6,0.167754095865,"Недостаточно признаков: вход 1 gid, выход 0 gid, depth=3; наблюдение ограничено"
100000005092518100,peripheral,0.150000000000,7,0.286275694276,"Недостаточно признаков: вход 1 gid, выход 0 gid, depth=1; наблюдение ограничено"
100000005093521100,peripheral,0.150000000000,1,0.373816664063,"Недостаточно признаков: вход 1 gid, выход 0 gid, depth=1; наблюдение ограничено"
100000005100475100,peripheral,0.150000000000,8,0.222128254681,"Недостаточно признаков: вход 1 gid, выход 0 gid, depth=3; наблюдение ограничено"
100000005105153100,peripheral,0.150000000000,0,0.306467776703,"Недостаточно признаков: вход 1 gid, выход 0 gid, depth=2; наблюдение ограничено"
100000005124479100,peripheral,0.150000000000,0,0.707116549870,"Недостаточно признаков: вход 2 gid, выход 2 gid, depth=1; наблюдение ограничено"
100000005127767100,peripheral,0.150000000000,40,0.154205419329,"Недостаточно признаков: вход 1 gid, выход 0 gid, depth=3; наблюдение ограничено"
100000005133757100,terminal,0.447914777879,3,0.559579045057,"2 плательщиков, 2 даты входа, последний день 20; r=0.000, исходящие вне выборки неизвестны"
100000005140601100,consolidator,0.784496826836,3,0.518175173524,"3 плательщиков, 4 входящих tx, вход 52685.00 KZT; признаки консолидации, вход неполон"
100000005142492100,peripheral,0.150000000000,8,0.265613431089,"Недостаточно признаков: вход 1 gid, выход 1 gid, depth=3; наблюдение ограничено"
100000005142589100,peripheral,0.150000000000,0,0.299514021484,"Недостаточно признаков: вход 1 gid, выход 0 gid, depth=2; наблюдение ограничено"
100000005146665100,peripheral,0.150000000000,57,0.150975271280,"Недостаточно признаков: вход 1 gid, выход 0 gid, depth=4; наблюдение ограничено"
100000005168487100,peripheral,0.150000000000,10,0.406496706843,"Недостаточно признаков: вход 1 gid, выход 1 gid, depth=2; наблюдение ограничено"
100000005171642100,transit,0.527093513289,8,0.467480865293,"Вход 696800.00, выход 683600.00 KZT, r=0.981; сходство объёмов, порядок не известен"
100000005172860100,peripheral,0.150000000000,0,0.175291107978,"Недостаточно признаков: вход 1 gid, выход 0 gid, depth=3; наблюдение ограничено"
100000005175148100,peripheral,0.150000000000,16,0.487307976545,"Недостаточно признаков: вход 2 gid, выход 1 gid, depth=2; наблюдение ограничено"
100000005182219100,terminal,0.447914777879,4,0.451135496413,"2 плательщиков, 2 даты входа, последний день 14; r=0.000, исходящие вне выборки неизвестны"
100000005183943100,terminal,0.493336355394,54,0.410770983643,"1 плательщиков, 9 даты входа, последний день 29; r=0.000, исходящие вне выборки неизвестны"
100000005186109100,peripheral,0.150000000000,16,0.243973384598,"Недостаточно признаков: вход 1 gid, выход 0 gid, depth=3; наблюдение ограничено"
100000005186131100,peripheral,0.150000000000,0,0.277776503570,"Недостаточно признаков: вход 1 gid, выход 1 gid, depth=3; наблюдение ограничено"
100000005187208100,peripheral,0.150000000000,4,0.171343149253,"Недостаточно признаков: вход 1 gid, выход 0 gid, depth=3; наблюдение ограничено"
100000005189258100,peripheral,0.150000000000,4,0.234824531038,"Недостаточно признаков: вход 1 gid, выход 0 gid, depth=4; наблюдение ограничено"
100000005198498100,peripheral,0.150000000000,6,0.207682314798,"Недостаточно признаков: вход 1 gid, выход 0 gid, depth=3; наблюдение ограничено"
100000005198906100,peripheral,0.150000000000,4,0.443097239498,"Недостаточно признаков: вход 1 gid, выход 1 gid, depth=3; наблюдение ограничено"
100000005203590100,peripheral,0.150000000000,8,0.259723588912,"Недостаточно признаков: вход 1 gid, выход 0 gid, depth=2; наблюдение ограничено"
100000005205745100,peripheral,0.150000000000,8,0.248235385496,"Недостаточно признаков: вход 1 gid, выход 0 gid, depth=2; наблюдение ограничено"
100000005209352100,peripheral,0.150000000000,0,0.212524340012,"Недостаточно признаков: вход 1 gid, выход 0 gid, depth=4; наблюдение ограничено"
100000005222360100,peripheral,0.150000000000,15,0.324299359708,"Недостаточно признаков: вход 1 gid, выход 1 gid, depth=3; наблюдение ограничено"
100000005226217100,peripheral,0.150000000000,5,0.245767947011,"Недостаточно признаков: вход 1 gid, выход 0 gid, depth=4; наблюдение ограничено"
100000005228059100,peripheral,0.150000000000,7,0.285871925770,"Недостаточно признаков: вход 1 gid, выход 0 gid, depth=1; наблюдение ограничено"
100000005233755100,peripheral,0.150000000000,17,0.251624473869,"Недостаточно признаков: вход 1 gid, выход 1 gid, depth=3; наблюдение ограничено"
100000005235389100,peripheral,0.050000000000,94,0.000000000000,"Недостаточно признаков: вход 0 gid, выход 0 gid, depth=0; наблюдение ограничено"
100000005237935150,peripheral,0.150000000000,13,0.216296042927,"Недостаточно признаков: вход 1 gid, выход 0 gid, depth=2; наблюдение ограничено"
100000005241556100,peripheral,0.150000000000,20,0.265645527000,"Недостаточно признаков: вход 1 gid, выход 0 gid, depth=3; наблюдение ограничено"
100000005242320100,distributor,0.815889769452,13,0.672158363341,"21 получателей, 29 исходящих tx, выход 8936295.00 KZT; веер исходящих переводов"
100000005264874100,peripheral,0.150000000000,38,0.317092531046,"Недостаточно признаков: вход 1 gid, выход 2 gid, depth=3; наблюдение ограничено"
100000005264990100,peripheral,0.150000000000,23,0.464795021325,"Недостаточно признаков: вход 1 gid, выход 2 gid, depth=0; наблюдение ограничено"
100000005265073100,peripheral,0.150000000000,23,0.289431639879,"Недостаточно признаков: вход 1 gid, выход 1 gid, depth=3; наблюдение ограничено"
100000005268319100,peripheral,0.150000000000,0,0.402977230200,"Недостаточно признаков: вход 1 gid, выход 5 gid, depth=3; наблюдение ограничено"
100000005272139100,peripheral,0.150000000000,2,0.284263741446,"Недостаточно признаков: вход 1 gid, выход 0 gid, depth=4; наблюдение ограничено"
100000005287097100,peripheral,0.150000000000,2,0.803757569206,"Недостаточно признаков: вход 2 gid, выход 9 gid, depth=1; наблюдение ограничено"
100000005293969100,peripheral,0.150000000000,0,0.150571502774,"Недостаточно признаков: вход 1 gid, выход 0 gid, depth=4; наблюдение ограничено"
100000005308954100,peripheral,0.150000000000,2,0.312500496491,"Недостаточно признаков: вход 1 gid, выход 1 gid, depth=3; наблюдение ограничено"
100000005314565100,peripheral,0.150000000000,0,0.294402817265,"Недостаточно признаков: вход 1 gid, выход 0 gid, depth=3; наблюдение ограничено"
100000005316708100,peripheral,0.150000000000,8,0.449347688679,"Недостаточно признаков: вход 1 gid, выход 2 gid, depth=1; наблюдение ограничено"
100000005317181100,peripheral,0.150000000000,0,0.394824507159,"Недостаточно признаков: вход 1 gid, выход 1 gid, depth=3; наблюдение ограничено"
100000005326681100,peripheral,0.150000000000,16,0.309294156245,"Недостаточно признаков: вход 1 gid, выход 0 gid, depth=2; наблюдение ограничено"
100000005328215100,peripheral,0.150000000000,10,0.205573745933,"Недостаточно признаков: вход 1 gid, выход 0 gid, depth=2; наблюдение ограничено"
100000005339662100,consolidator,0.822623526745,16,0.785882670426,"4 плательщиков, 9 входящих tx, вход 202939.00 KZT; признаки консолидации, вход неполон"
100000005342513100,peripheral,0.150000000000,18,0.319673547733,"Недостаточно признаков: вход 1 gid, выход 1 gid, depth=3; наблюдение ограничено"
100000005357034100,peripheral,0.150000000000,0,0.223201773839,"Недостаточно признаков: вход 1 gid, выход 0 gid, depth=3; наблюдение ограничено"
100000005357705100,peripheral,0.150000000000,3,0.462871280523,"Недостаточно признаков: вход 1 gid, выход 4 gid, depth=3; наблюдение ограничено"
100000005360814100,peripheral,0.150000000000,3,0.279104477202,"Недостаточно признаков: вход 1 gid, выход 0 gid, depth=4; наблюдение ограничено"
100000005362848100,peripheral,0.150000000000,9,0.208086083304,"Недостаточно признаков: вход 1 gid, выход 0 gid, depth=3; наблюдение ограничено"
100000005363908100,peripheral,0.150000000000,61,0.291761767947,"Недостаточно признаков: вход 1 gid, выход 1 gid, depth=1; наблюдение ограничено"
100000005367180100,peripheral,0.150000000000,3,0.155057819508,"Недостаточно признаков: вход 1 gid, выход 0 gid, depth=4; наблюдение ограничено"
100000005367284100,peripheral,0.150000000000,0,0.406391378645,"Недостаточно признаков: вход 1 gid, выход 2 gid, depth=3; наблюдение ограничено"
100000005367445100,peripheral,0.150000000000,5,0.170817558500,"Недостаточно признаков: вход 1 gid, выход 1 gid, depth=3; наблюдение ограничено"
100000005370558100,peripheral,0.150000000000,0,0.147834849567,"Недостаточно признаков: вход 1 gid, выход 0 gid, depth=4; наблюдение ограничено"
100000005370580100,peripheral,0.150000000000,14,0.262591634763,"Недостаточно признаков: вход 1 gid, выход 0 gid, depth=0; наблюдение ограничено"
100000005375968100,peripheral,0.150000000000,0,0.461303895469,"Недостаточно признаков: вход 1 gid, выход 2 gid, depth=3; наблюдение ограничено"
100000005382566100,consolidator,0.838845194923,23,0.850342878042,"7 плательщиков, 11 входящих tx, вход 393066.00 KZT; признаки консолидации, вход неполон"
100000005386383100,peripheral,0.150000000000,23,0.523271632297,"Недостаточно признаков: вход 2 gid, выход 1 gid, depth=0; наблюдение ограничено"
100000005392290100,peripheral,0.150000000000,82,0.132448837242,"Недостаточно признаков: вход 0 gid, выход 1 gid, depth=0; наблюдение ограничено"
100000005394708100,peripheral,0.150000000000,23,0.354366820034,"Недостаточно признаков: вход 1 gid, выход 1 gid, depth=1; наблюдение ограничено"
100000005395727100,peripheral,0.150000000000,16,0.275512191238,"Недостаточно признаков: вход 1 gid, выход 0 gid, depth=0; наблюдение ограничено"
100000005402643100,peripheral,0.150000000000,19,0.300516151415,"Недостаточно признаков: вход 1 gid, выход 1 gid, depth=2; наблюдение ограничено"
100000005409156100,terminal,0.447914777879,4,0.510534329971,"2 плательщиков, 2 даты входа, последний день 17; r=0.000, исходящие вне выборки неизвестны"
100000005409680100,peripheral,0.150000000000,21,0.470891452927,"Недостаточно признаков: вход 2 gid, выход 0 gid, depth=0; наблюдение ограничено"
100000005413948100,peripheral,0.150000000000,5,0.390185859635,"Недостаточно признаков: вход 2 gid, выход 1 gid, depth=2; наблюдение ограничено"
100000005417257100,peripheral,0.150000000000,23,0.178518817319,"Недостаточно признаков: вход 0 gid, выход 2 gid, depth=0; наблюдение ограничено"
100000005432267100,peripheral,0.150000000000,1,0.623553921683,"Недостаточно признаков: вход 2 gid, выход 0 gid, depth=1; наблюдение ограничено"
100000005454368100,peripheral,0.150000000000,14,0.410220323518,"Недостаточно признаков: вход 2 gid, выход 0 gid, depth=0; наблюдение ограничено"
100000005456919100,terminal,0.463352365486,62,0.539704498874,"2 плательщиков, 6 даты входа, последний день 17; r=0.010, исходящие вне выборки неизвестны"
100000005473151100,consolidator,0.784496826836,9,0.781082427679,"3 плательщиков, 4 входящих tx, вход 1220000.00 KZT; признаки консолидации, вход неполон"
100000005474472100,peripheral,0.150000000000,26,0.265645527000,"Недостаточно признаков: вход 1 gid, выход 0 gid, depth=2; наблюдение ограничено"
100000005475379100,peripheral,0.150000000000,10,0.408964701617,"Недостаточно признаков: вход 1 gid, выход 3 gid, depth=3; наблюдение ограничено"
100000005480435100,peripheral,0.050000000000,95,0.000000000000,"Недостаточно признаков: вход 0 gid, выход 0 gid, depth=0; наблюдение ограничено"
100000005481280100,peripheral,0.150000000000,16,0.463591774821,"Недостаточно признаков: вход 1 gid, выход 3 gid, depth=2; наблюдение ограничено"
100000005485830100,peripheral,0.150000000000,46,0.239649795789,"Недостаточно признаков: вход 0 gid, выход 5 gid, depth=0; наблюдение ограничено"
100000005493505100,consolidator,0.772243880326,1,0.588931816384,"3 плательщиков, 3 входящих tx, вход 62020.00 KZT; признаки консолидации, вход неполон"
100000005495211100,peripheral,0.150000000000,0,0.236481271372,"Недостаточно признаков: вход 1 gid, выход 0 gid, depth=4; наблюдение ограничено"
100000005495722100,peripheral,0.050000000000,96,0.000000000000,"Недостаточно признаков: вход 0 gid, выход 0 gid, depth=0; наблюдение ограничено"
100000005496254100,peripheral,0.150000000000,0,0.251686192257,"Недостаточно признаков: вход 1 gid, выход 0 gid, depth=1; наблюдение ограничено"
100000005497148100,peripheral,0.150000000000,4,0.293278005505,"Недостаточно признаков: вход 1 gid, выход 0 gid, depth=4; наблюдение ограничено"
100000005498992100,distributor,0.798620317003,19,0.290227134330,"16 получателей, 19 исходящих tx, выход 2262868.00 KZT; веер исходящих переводов"
100000005505655100,peripheral,0.150000000000,27,0.585230114430,"Недостаточно признаков: вход 2 gid, выход 1 gid, depth=1; наблюдение ограничено"
100000005507142100,consolidator,0.772243880326,38,0.489349059006,"3 плательщиков, 3 входящих tx, вход 51000.00 KZT; признаки консолидации, вход неполон"
100000005514161100,consolidator,0.818057570263,8,0.749141998503,"4 плательщиков, 7 входящих tx, вход 401500.00 KZT; признаки консолидации, вход неполон"
100000005519347100,peripheral,0.150000000000,2,0.611521302992,"Недостаточно признаков: вход 2 gid, выход 1 gid, depth=0; наблюдение ограничено"
100000005519998100,consolidator,0.790681097008,35,0.560951086012,"3 плательщиков, 5 входящих tx, вход 182000.00 KZT; признаки консолидации, вход неполон"
100000005523088100,peripheral,0.150000000000,23,0.537986370424,"Недостаточно признаков: вход 1 gid, выход 0 gid, depth=0; наблюдение ограничено"
100000005527892100,consolidator,0.772243880326,20,0.836269161201,"3 плательщиков, 3 входящих tx, вход 220001.00 KZT; признаки консолидации, вход неполон"
100000005530114100,peripheral,0.150000000000,17,0.431432860955,"Недостаточно признаков: вход 2 gid, выход 1 gid, depth=3; наблюдение ограничено"
100000005532138100,peripheral,0.150000000000,11,0.201580924039,"Недостаточно признаков: вход 1 gid, выход 0 gid, depth=3; наблюдение ограничено"
100000005539201100,peripheral,0.150000000000,2,0.459364480744,"Недостаточно признаков: вход 1 gid, выход 1 gid, depth=1; наблюдение ограничено"
100000005539910100,peripheral,0.150000000000,1,0.501583741664,"Недостаточно признаков: вход 1 gid, выход 2 gid, depth=2; наблюдение ограничено"
100000005543136100,peripheral,0.150000000000,1,0.038191322662,"Недостаточно признаков: вход 0 gid, выход 1 gid, depth=0; наблюдение ограничено"
100000005546031100,consolidator,0.794611287398,61,0.493776276081,"3 плательщиков, 6 входящих tx, вход 66800.00 KZT; признаки консолидации, вход неполон"
100000005547096100,peripheral,0.150000000000,83,0.354078280437,"Недостаточно признаков: вход 1 gid, выход 2 gid, depth=2; наблюдение ограничено"
100000005550592100,peripheral,0.050000000000,97,0.000000000000,"Недостаточно признаков: вход 0 gid, выход 0 gid, depth=0; наблюдение ограничено"
100000005553088100,peripheral,0.150000000000,3,0.181078456565,"Недостаточно признаков: вход 1 gid, выход 0 gid, depth=4; наблюдение ограничено"
100000005560900100,peripheral,0.050000000000,98,0.000000000000,"Недостаточно признаков: вход 0 gid, выход 0 gid, depth=0; наблюдение ограничено"
100000005561741100,peripheral,0.150000000000,9,0.264700203628,"Недостаточно признаков: вход 1 gid, выход 0 gid, depth=2; наблюдение ограничено"
100000005567828100,peripheral,0.150000000000,9,0.326342195553,"Недостаточно признаков: вход 1 gid, выход 0 gid, depth=4; наблюдение ограничено"
100000005568407100,peripheral,0.050000000000,99,0.000000000000,"Недостаточно признаков: вход 0 gid, выход 0 gid, depth=0; наблюдение ограничено"
100000005572303100,peripheral,0.150000000000,2,0.425866450333,"Недостаточно признаков: вход 1 gid, выход 1 gid, depth=2; наблюдение ограничено"
100000005578559100,distributor,0.812399135447,9,0.700178968941,"21 получателей, 23 исходящих tx, выход 893163.67 KZT; веер исходящих переводов"
100000005584222100,peripheral,0.150000000000,0,0.598491539162,"Недостаточно признаков: вход 2 gid, выход 2 gid, depth=1; наблюдение ограничено"
100000005588444100,peripheral,0.150000000000,11,0.250968381580,"Недостаточно признаков: вход 1 gid, выход 0 gid, depth=1; наблюдение ограничено"
100000005589319100,peripheral,0.150000000000,1,0.202657640056,"Недостаточно признаков: вход 1 gid, выход 0 gid, depth=4; наблюдение ограничено"
100000005602999100,peripheral,0.150000000000,34,0.409662107656,"Недостаточно признаков: вход 1 gid, выход 2 gid, depth=2; наблюдение ограничено"
100000005608515100,terminal,0.479193109701,11,0.246533817714,"1 плательщиков, 3 даты входа, последний день 14; r=0.000, исходящие вне выборки неизвестны"
100000005610717100,consolidator,0.814705349048,0,0.610380235788,"4 плательщиков, 6 входящих tx, вход 484500.00 KZT; признаки консолидации, вход неполон"
100000005612411100,consolidator,0.784496826836,1,0.806050050529,"3 плательщиков, 4 входящих tx, вход 115500.00 KZT; признаки консолидации, вход неполон"
100000005614315100,peripheral,0.150000000000,2,0.318494338126,"Недостаточно признаков: вход 1 gid, выход 0 gid, depth=2; наблюдение ограничено"
100000005616568100,peripheral,0.150000000000,4,0.419522958398,"Недостаточно признаков: вход 1 gid, выход 0 gid, depth=4; наблюдение ограничено"
100000005619339100,peripheral,0.150000000000,2,0.238109112652,"Недостаточно признаков: вход 1 gid, выход 1 gid, depth=2; наблюдение ограничено"
100000005620225100,terminal,0.447914777879,0,0.430046150640,"2 плательщиков, 2 даты входа, последний день 3; r=0.000, исходящие вне выборки неизвестны"
100000005621418100,peripheral,0.150000000000,28,0.210329241671,"Недостаточно признаков: вход 1 gid, выход 0 gid, depth=4; наблюдение ограничено"
100000005628518100,terminal,0.469582955576,21,0.253981103492,"1 плательщиков, 3 даты входа, последний день 25; r=0.000, исходящие вне выборки неизвестны"
100000005634552100,peripheral,0.150000000000,0,0.606237584805,"Недостаточно признаков: вход 1 gid, выход 3 gid, depth=1; наблюдение ограничено"
100000005636951100,peripheral,0.150000000000,8,0.222128254681,"Недостаточно признаков: вход 1 gid, выход 0 gid, depth=4; наблюдение ограничено"
100000005660203100,peripheral,0.150000000000,2,0.513061050402,"Недостаточно признаков: вход 1 gid, выход 2 gid, depth=2; наблюдение ограничено"
100000005661528100,peripheral,0.150000000000,3,0.200010713183,"Недостаточно признаков: вход 1 gid, выход 0 gid, depth=3; наблюдение ограничено"
100000005661829100,peripheral,0.150000000000,21,0.294208758106,"Недостаточно признаков: вход 1 gid, выход 2 gid, depth=3; наблюдение ограничено"
100000005664632100,peripheral,0.150000000000,68,0.406214760583,"Недостаточно признаков: вход 1 gid, выход 0 gid, depth=2; наблюдение ограничено"
100000005664922100,peripheral,0.150000000000,26,0.525831263273,"Недостаточно признаков: вход 2 gid, выход 3 gid, depth=2; наблюдение ограничено"
100000005665181100,consolidator,0.810775158658,4,0.703578510230,"4 плательщиков, 5 входящих tx, вход 45498.00 KZT; признаки консолидации, вход неполон"
100000005667841100,peripheral,0.150000000000,5,0.466613324864,"Недостаточно признаков: вход 2 gid, выход 0 gid, depth=3; наблюдение ограничено"
100000005668605100,consolidator,0.772243880326,23,0.605664527634,"3 плательщиков, 3 входящих tx, вход 94500.00 KZT; признаки консолидации, вход неполон"
100000005669845100,peripheral,0.150000000000,42,0.271156806883,"Недостаточно признаков: вход 1 gid, выход 0 gid, depth=1; наблюдение ограничено"
100000005674387100,peripheral,0.150000000000,6,0.204138124578,"Недостаточно признаков: вход 1 gid, выход 0 gid, depth=3; наблюдение ограничено"
100000005685783100,peripheral,0.150000000000,84,0.203420313900,"Недостаточно признаков: вход 1 gid, выход 0 gid, depth=4; наблюдение ограничено"
100000005704413100,distributor,0.829117435159,9,0.731656676195,"32 получателей, 35 исходящих tx, выход 1363593.00 KZT; веер исходящих переводов"
100000005709551100,peripheral,0.150000000000,14,0.294309858353,"Недостаточно признаков: вход 1 gid, выход 0 gid, depth=3; наблюдение ограничено"
100000005711521100,peripheral,0.150000000000,14,0.361963550421,"Недостаточно признаков: вход 1 gid, выход 0 gid, depth=4; наблюдение ограничено"
100000005723580100,peripheral,0.150000000000,5,0.217372758943,"Недостаточно признаков: вход 1 gid, выход 0 gid, depth=4; наблюдение ограничено"
100000005730108100,peripheral,0.150000000000,0,0.220330531130,"Недостаточно признаков: вход 1 gid, выход 0 gid, depth=2; наблюдение ограничено"
100000005744674100,peripheral,0.150000000000,23,0.113112812119,"Недостаточно признаков: вход 0 gid, выход 1 gid, depth=0; наблюдение ограничено"
100000005745873100,peripheral,0.150000000000,43,0.359675528886,"Недостаточно признаков: вход 1 gid, выход 0 gid, depth=4; наблюдение ограничено"
100000005754335100,peripheral,0.150000000000,44,0.225448129064,"Недостаточно признаков: вход 1 gid, выход 0 gid, depth=3; наблюдение ограничено"
100000005756189100,peripheral,0.150000000000,4,0.395003924110,"Недостаточно признаков: вход 1 gid, выход 1 gid, depth=3; наблюдение ограничено"
100000005756535100,peripheral,0.150000000000,18,0.187942521168,"Недостаточно признаков: вход 1 gid, выход 0 gid, depth=3; наблюдение ограничено"
100000005767403100,peripheral,0.150000000000,35,0.334824531038,"Недостаточно признаков: вход 1 gid, выход 0 gid, depth=4; наблюдение ограничено"
100000005778283100,consolidator,0.772243880326,11,0.746090331752,"3 плательщиков, 3 входящих tx, вход 615760.00 KZT; признаки консолидации, вход неполон"
100000005782781100,consolidator,0.835570036265,11,0.761352714722,"6 плательщиков, 10 входящих tx, вход 171888.00 KZT; признаки консолидации, вход неполон"
100000005782886100,peripheral,0.150000000000,5,0.235449418523,"Недостаточно признаков: вход 1 gid, выход 0 gid, depth=4; наблюдение ограничено"
100000005783452100,peripheral,0.150000000000,13,0.483033244111,"Недостаточно признаков: вход 2 gid, выход 0 gid, depth=4; наблюдение ограничено"
100000005799271100,terminal,0.447914777879,10,0.342464199794,"1 плательщиков, 2 даты входа, последний день 26; r=0.000, исходящие вне выборки неизвестны"
100000005807278100,peripheral,0.150000000000,46,0.239303958071,"Недостаточно признаков: вход 1 gid, выход 0 gid, depth=1; наблюдение ограничено"
100000005809252100,peripheral,0.150000000000,4,0.296149248214,"Недостаточно признаков: вход 1 gid, выход 0 gid, depth=2; наблюдение ограничено"
100000005815602100,peripheral,0.150000000000,2,0.407996040993,"Недостаточно признаков: вход 1 gid, выход 1 gid, depth=3; наблюдение ограничено"
100000005820746100,peripheral,0.150000000000,26,0.364088083399,"Недостаточно признаков: вход 1 gid, выход 1 gid, depth=3; наблюдение ограничено"
100000005830339100,consolidator,0.833335222121,1,0.569887900887,"5 плательщиков, 12 входящих tx, вход 476341.00 KZT; признаки консолидации, вход неполон"
100000005834479100,peripheral,0.150000000000,3,0.306740060575,"Недостаточно признаков: вход 1 gid, выход 2 gid, depth=2; наблюдение ограничено"
100000005844459100,peripheral,0.150000000000,0,0.560056412732,"Недостаточно признаков: вход 2 gid, выход 0 gid, depth=1; наблюдение ограничено"
100000005847078100,peripheral,0.150000000000,6,0.178207213856,"Недостаточно признаков: вход 1 gid, выход 0 gid, depth=3; наблюдение ограничено"
100000005849100100,peripheral,0.150000000000,1,0.330575460449,"Недостаточно признаков: вход 1 gid, выход 0 gid, depth=2; наблюдение ограничено"
100000005849862100,peripheral,0.150000000000,11,0.169099990886,"Недостаточно признаков: вход 1 gid, выход 0 gid, depth=4; наблюдение ограничено"
100000005852946100,peripheral,0.150000000000,1,0.395216394884,"Недостаточно признаков: вход 1 gid, выход 0 gid, depth=1; наблюдение ограничено"
100000005857058100,consolidator,0.772243880326,0,0.485271999413,"3 плательщиков, 3 входящих tx, вход 80222.00 KZT; признаки консолидации, вход неполон"
100000005873152100,peripheral,0.150000000000,10,0.302906829591,"Недостаточно признаков: вход 1 gid, выход 1 gid, depth=3; наблюдение ограничено"
100000005877725100,peripheral,0.150000000000,7,0.332978251476,"Недостаточно признаков: вход 1 gid, выход 0 gid, depth=1; наблюдение ограничено"
100000005878334100,peripheral,0.150000000000,3,0.318042509595,"Недостаточно признаков: вход 1 gid, выход 0 gid, depth=4; наблюдение ограничено"
100000005882013100,terminal,0.247360733353,14,0.536240940400,"2 плательщиков, 3 даты входа, последний день 28; r=0.074, исходящие вне выборки неизвестны"
100000005888829100,peripheral,0.150000000000,5,0.355009759483,"Недостаточно признаков: вход 1 gid, выход 0 gid, depth=4; наблюдение ограничено"
100000005893892100,peripheral,0.150000000000,4,0.364027220399,"Недостаточно признаков: вход 1 gid, выход 0 gid, depth=3; наблюдение ограничено"
100000005895525100,terminal,0.469582955576,46,0.356127645824,"1 плательщиков, 3 даты входа, последний день 13; r=0.000, исходящие вне выборки неизвестны"
100000005897462100,peripheral,0.150000000000,10,0.470512738250,"Недостаточно признаков: вход 1 gid, выход 0 gid, depth=1; наблюдение ограничено"
100000005901606100,peripheral,0.150000000000,7,0.301394581669,"Недостаточно признаков: вход 1 gid, выход 0 gid, depth=1; наблюдение ограничено"
100000005904580100,peripheral,0.150000000000,12,0.365046310865,"Недостаточно признаков: вход 2 gid, выход 0 gid, depth=2; наблюдение ограничено"
100000005910114100,distributor,0.820850144092,0,0.782651429857,"19 получателей, 56 исходящих tx, выход 1469993.00 KZT; веер исходящих переводов"
100000005910895100,peripheral,0.150000000000,34,0.149584513093,"Недостаточно признаков: вход 1 gid, выход 0 gid, depth=4; наблюдение ограничено"
100000005911352100,peripheral,0.150000000000,40,0.456123263324,"Недостаточно признаков: вход 2 gid, выход 3 gid, depth=2; наблюдение ограничено"
100000005931985100,peripheral,0.150000000000,13,0.253173566480,"Недостаточно признаков: вход 1 gid, выход 0 gid, depth=2; наблюдение ограничено"
100000005932987100,peripheral,0.150000000000,35,0.200010713183,"Недостаточно признаков: вход 1 gid, выход 0 gid, depth=2; наблюдение ограничено"
100000005933757100,distributor,0.834261527378,15,0.747520991873,"34 получателей, 46 исходящих tx, выход 3002628.00 KZT; веер исходящих переводов"
100000005939154100,terminal,0.447914777879,2,0.288881415105,"1 плательщиков, 2 даты входа, последний день 20; r=0.000, исходящие вне выборки неизвестны"
100000005940652100,peripheral,0.150000000000,31,0.354884407446,"Недостаточно признаков: вход 1 gid, выход 0 gid, depth=1; наблюдение ограничено"
100000005941908100,peripheral,0.150000000000,15,0.226162742884,"Недостаточно признаков: вход 1 gid, выход 0 gid, depth=3; наблюдение ограничено"
100000005942793100,consolidator,0.804590888486,0,0.479807300584,"4 плательщиков, 4 входящих tx, вход 55000.00 KZT; признаки консолидации, вход неполон"
100000005958064100,peripheral,0.150000000000,15,0.537825967227,"Недостаточно признаков: вход 1 gid, выход 2 gid, depth=1; наблюдение ограничено"
100000005961971100,peripheral,0.150000000000,7,0.313956268524,"Недостаточно признаков: вход 1 gid, выход 0 gid, depth=1; наблюдение ограничено"
100000005974542100,terminal,0.469582955576,25,0.326611374557,"1 плательщиков, 3 даты входа, последний день 14; r=0.000, исходящие вне выборки неизвестны"
100000005979037100,peripheral,0.150000000000,3,0.245187922694,"Недостаточно признаков: вход 1 gid, выход 0 gid, depth=4; наблюдение ограничено"
100000005995391100,peripheral,0.150000000000,6,0.180450372223,"Недостаточно признаков: вход 1 gid, выход 0 gid, depth=3; наблюдение ограничено"
100000005996909100,peripheral,0.150000000000,16,0.215664761726,"Недостаточно признаков: вход 1 gid, выход 0 gid, depth=3; наблюдение ограничено"
100000006008169100,peripheral,0.150000000000,12,0.332978251476,"Недостаточно признаков: вход 1 gid, выход 0 gid, depth=1; наблюдение ограничено"
100000006020215100,peripheral,0.150000000000,14,0.434897092377,"Недостаточно признаков: вход 1 gid, выход 2 gid, depth=3; наблюдение ограничено"
100000006030946100,peripheral,0.150000000000,7,0.334862504505,"Недостаточно признаков: вход 1 gid, выход 0 gid, depth=1; наблюдение ограничено"
100000006048193100,peripheral,0.150000000000,0,0.288701998155,"Недостаточно признаков: вход 1 gid, выход 0 gid, depth=3; наблюдение ограничено"
100000006069103100,consolidator,0.772243880326,2,0.720701734221,"3 плательщиков, 3 входящих tx, вход 228818.00 KZT; признаки консолидации, вход неполон"
100000006100920100,peripheral,0.150000000000,0,0.265645527000,"Недостаточно признаков: вход 1 gid, выход 0 gid, depth=3; наблюдение ограничено"
100000006111439100,consolidator,0.772243880326,4,0.495757026609,"3 плательщиков, 3 входящих tx, вход 20570.00 KZT; признаки консолидации, вход неполон"
100000006111442100,peripheral,0.150000000000,5,0.246533817714,"Недостаточно признаков: вход 1 gid, выход 0 gid, depth=3; наблюдение ограничено"
100000006122699100,peripheral,0.150000000000,12,0.406406954295,"Недостаточно признаков: вход 2 gid, выход 0 gid, depth=2; наблюдение ограничено"
100000006126743100,peripheral,0.150000000000,4,0.337468225334,"Недостаточно признаков: вход 1 gid, выход 0 gid, depth=3; наблюдение ограничено"
100000006161893100,peripheral,0.150000000000,2,0.170759928077,"Недостаточно признаков: вход 1 gid, выход 0 gid, depth=2; наблюдение ограничено"
100000006165886100,peripheral,0.150000000000,0,0.495163672700,"Недостаточно признаков: вход 2 gid, выход 1 gid, depth=3; наблюдение ограничено"
100000006169033100,peripheral,0.150000000000,44,0.464402282271,"Недостаточно признаков: вход 1 gid, выход 3 gid, depth=3; наблюдение ограничено"
100000006171671100,peripheral,0.150000000000,0,0.226162742884,"Недостаточно признаков: вход 1 gid, выход 0 gid, depth=4; наблюдение ограничено"
100000006177176100,peripheral,0.150000000000,2,0.304890711864,"Недостаточно признаков: вход 1 gid, выход 0 gid, depth=1; наблюдение ограничено"
100000006209210100,peripheral,0.150000000000,11,0.295524396449,"Недостаточно признаков: вход 1 gid, выход 0 gid, depth=3; наблюдение ограничено"
100000006225798100,consolidator,0.784496826836,17,0.669448593900,"3 плательщиков, 4 входящих tx, вход 722000.00 KZT; признаки консолидации, вход неполон"
100000006232642100,peripheral,0.150000000000,44,0.318763517131,"Недостаточно признаков: вход 1 gid, выход 0 gid, depth=4; наблюдение ограничено"
100000006232815100,peripheral,0.150000000000,42,0.357884503445,"Недостаточно признаков: вход 1 gid, выход 5 gid, depth=0; наблюдение ограничено"
100000006240939100,peripheral,0.150000000000,8,0.430714201719,"Недостаточно признаков: вход 1 gid, выход 5 gid, depth=2; наблюдение ограничено"
100000006248077100,peripheral,0.150000000000,2,0.350270390911,"Недостаточно признаков: вход 1 gid, выход 0 gid, depth=2; наблюдение ограничено"
100000006249740100,peripheral,0.150000000000,53,0.186273260647,"Недостаточно признаков: вход 0 gid, выход 3 gid, depth=0; наблюдение ограничено"
100000006257675100,peripheral,0.150000000000,24,0.249763965762,"Недостаточно признаков: вход 1 gid, выход 0 gid, depth=4; наблюдение ограничено"
100000006274203100,peripheral,0.150000000000,21,0.697396226991,"Недостаточно признаков: вход 2 gid, выход 3 gid, depth=3; наблюдение ограничено"
100000006288612100,peripheral,0.150000000000,12,0.212348084201,"Недостаточно признаков: вход 1 gid, выход 0 gid, depth=4; наблюдение ограничено"
100000006308406100,peripheral,0.150000000000,24,0.287807931666,"Недостаточно признаков: вход 1 gid, выход 0 gid, depth=4; наблюдение ограничено"
100000006326645100,peripheral,0.150000000000,7,0.284974662423,"Недостаточно признаков: вход 1 gid, выход 0 gid, depth=1; наблюдение ограничено"
100000006351075100,peripheral,0.150000000000,43,0.286817745127,"Недостаточно признаков: вход 1 gid, выход 0 gid, depth=4; наблюдение ограничено"
100000006369769100,peripheral,0.150000000000,7,0.305342540395,"Недостаточно признаков: вход 1 gid, выход 0 gid, depth=1; наблюдение ограничено"
100000006381453100,peripheral,0.150000000000,5,0.227018339921,"Недостаточно признаков: вход 1 gid, выход 0 gid, depth=4; наблюдение ограничено"
100000006385877100,peripheral,0.150000000000,19,0.262876777881,"Недостаточно признаков: вход 1 gid, выход 1 gid, depth=2; наблюдение ограничено"
100000006412162100,peripheral,0.150000000000,22,0.173765760289,"Недостаточно признаков: вход 1 gid, выход 0 gid, depth=4; наблюдение ограничено"
100000006416061100,peripheral,0.150000000000,0,0.210329241671,"Недостаточно признаков: вход 1 gid, выход 0 gid, depth=4; наблюдение ограничено"
100000006424479100,peripheral,0.150000000000,14,0.570265876064,"Недостаточно признаков: вход 1 gid, выход 2 gid, depth=2; наблюдение ограничено"
100000006443391100,consolidator,0.797963508613,19,0.540982777248,"3 плательщиков, 7 входящих tx, вход 86775.93 KZT; признаки консолидации, вход неполон"
100000006444163100,peripheral,0.150000000000,0,0.152500618970,"Недостаточно признаков: вход 1 gid, выход 0 gid, depth=3; наблюдение ограничено"
100000006445501100,peripheral,0.150000000000,10,0.467103137533,"Недостаточно признаков: вход 1 gid, выход 0 gid, depth=1; наблюдение ограничено"
100000006446271100,peripheral,0.150000000000,1,0.567250646672,"Недостаточно признаков: вход 2 gid, выход 0 gid, depth=1; наблюдение ограничено"
100000006471232100,peripheral,0.150000000000,6,0.224191960379,"Недостаточно признаков: вход 1 gid, выход 0 gid, depth=3; наблюдение ограничено"
100000006476758100,peripheral,0.150000000000,10,0.214453456208,"Недостаточно признаков: вход 1 gid, выход 0 gid, depth=3; наблюдение ограничено"
100000006490557100,peripheral,0.150000000000,11,0.147834849567,"Недостаточно признаков: вход 1 gid, выход 0 gid, depth=2; наблюдение ограничено"
100000006490615100,peripheral,0.150000000000,14,0.288791724490,"Недостаточно признаков: вход 1 gid, выход 0 gid, depth=4; наблюдение ограничено"
100000006491272100,peripheral,0.150000000000,6,0.204138124578,"Недостаточно признаков: вход 1 gid, выход 0 gid, depth=3; наблюдение ограничено"
100000006491963100,peripheral,0.150000000000,22,0.177623992680,"Недостаточно признаков: вход 1 gid, выход 0 gid, depth=4; наблюдение ограничено"
100000006492770100,peripheral,0.150000000000,0,0.418557122682,"Недостаточно признаков: вход 1 gid, выход 1 gid, depth=3; наблюдение ограничено"
100000006512787100,peripheral,0.150000000000,0,0.252632011614,"Недостаточно признаков: вход 1 gid, выход 0 gid, depth=4; наблюдение ограничено"
100000006518161100,consolidator,0.806922030825,2,0.759752046470,"3 плательщиков, 13 входящих tx, вход 594200.00 KZT; признаки консолидации, вход неполон"
100000006522972100,peripheral,0.150000000000,4,0.158422557059,"Недостаточно признаков: вход 1 gid, выход 0 gid, depth=3; наблюдение ограничено"
100000006523053100,peripheral,0.150000000000,1,0.271282301796,"Недостаточно признаков: вход 1 gid, выход 0 gid, depth=2; наблюдение ограничено"
100000006527156100,peripheral,0.150000000000,47,0.231639246157,"Недостаточно признаков: вход 1 gid, выход 0 gid, depth=4; наблюдение ограничено"
100000006530134100,terminal,0.447914777879,4,0.489089735982,"2 плательщиков, 2 даты входа, последний день 16; r=0.000, исходящие вне выборки неизвестны"
100000006532229100,peripheral,0.150000000000,5,0.364700167909,"Недостаточно признаков: вход 1 gid, выход 0 gid, depth=3; наблюдение ограничено"
100000006534886100,peripheral,0.150000000000,2,0.308098850560,"Недостаточно признаков: вход 1 gid, выход 1 gid, depth=2; наблюдение ограничено"
100000006557763100,peripheral,0.150000000000,1,0.276919112310,"Недостаточно признаков: вход 1 gid, выход 0 gid, depth=2; наблюдение ограничено"
100000006562026100,terminal,0.487126019946,53,0.600856499254,"2 плательщиков, 6 даты входа, последний день 24; r=0.000, исходящие вне выборки неизвестны"
100000006564102100,peripheral,0.150000000000,1,0.392380742158,"Недостаточно признаков: вход 1 gid, выход 0 gid, depth=2; наблюдение ограничено"
100000006567935100,peripheral,0.150000000000,30,0.387984151759,"Недостаточно признаков: вход 1 gid, выход 0 gid, depth=2; наблюдение ограничено"
100000006573438100,peripheral,0.150000000000,44,0.147834849567,"Недостаточно признаков: вход 1 gid, выход 0 gid, depth=3; наблюдение ограничено"
100000006579678100,peripheral,0.150000000000,2,0.776493745694,"Недостаточно признаков: вход 2 gid, выход 6 gid, depth=1; наблюдение ограничено"
100000006595426100,terminal,0.469582955576,1,0.257211251541,"1 плательщиков, 3 даты входа, последний день 15; r=0.000, исходящие вне выборки неизвестны"
100000006612238100,peripheral,0.150000000000,18,0.306124871197,"Недостаточно признаков: вход 1 gid, выход 1 gid, depth=2; наблюдение ограничено"
100000006638021100,peripheral,0.150000000000,48,0.492454509252,"Недостаточно признаков: вход 2 gid, выход 0 gid, depth=4; наблюдение ограничено"
100000006641671100,transit,0.271207153502,3,0.355942830090,"Вход 22000.00, выход 25000.00 KZT, r=1.136; сходство объёмов, порядок не известен"
100000006656003100,peripheral,0.150000000000,7,0.294139515816,"Недостаточно признаков: вход 1 gid, выход 1 gid, depth=1; наблюдение ограничено"
100000006658598100,peripheral,0.150000000000,2,0.305339343537,"Недостаточно признаков: вход 1 gid, выход 0 gid, depth=1; наблюдение ограничено"
100000006664478100,transit,0.353025335320,8,0.310233896459,"Вход 55000.00, выход 60000.00 KZT, r=1.091; сходство объёмов, порядок не известен"
100000006679055100,peripheral,0.150000000000,1,0.296149248214,"Недостаточно признаков: вход 1 gid, выход 0 gid, depth=2; наблюдение ограничено"
100000006684930100,peripheral,0.150000000000,14,0.284920704667,"Недостаточно признаков: вход 1 gid, выход 0 gid, depth=2; наблюдение ограничено"
100000006687202100,peripheral,0.150000000000,0,0.318038816752,"Недостаточно признаков: вход 1 gid, выход 0 gid, depth=1; наблюдение ограничено"
100000006689603100,peripheral,0.150000000000,3,0.314950147907,"Недостаточно признаков: вход 1 gid, выход 0 gid, depth=4; наблюдение ограничено"
100000006693788100,peripheral,0.150000000000,0,0.164882853156,"Недостаточно признаков: вход 1 gid, выход 0 gid, depth=4; наблюдение ограничено"
100000006701983100,peripheral,0.150000000000,6,0.205573745933,"Недостаточно признаков: вход 1 gid, выход 0 gid, depth=3; наблюдение ограничено"
100000006704530100,peripheral,0.150000000000,28,0.455355126514,"Недостаточно признаков: вход 1 gid, выход 3 gid, depth=3; наблюдение ограничено"
100000006706519100,peripheral,0.150000000000,0,0.283318418074,"Недостаточно признаков: вход 1 gid, выход 0 gid, depth=4; наблюдение ограничено"
100000006707582100,distributor,0.785943804035,10,0.712821237148,"14 получателей, 15 исходящих tx, выход 961138.00 KZT; веер исходящих переводов"
100000006710485100,peripheral,0.150000000000,6,0.187942521168,"Недостаточно признаков: вход 1 gid, выход 0 gid, depth=3; наблюдение ограничено"
100000006714366100,peripheral,0.150000000000,14,0.312410833037,"Недостаточно признаков: вход 1 gid, выход 1 gid, depth=3; наблюдение ограничено"
100000006734214100,consolidator,0.831659111514,4,0.705955312125,"5 плательщиков, 10 входящих tx, вход 610000.00 KZT; признаки консолидации, вход неполон"
100000006734554100,peripheral,0.150000000000,81,0.311382999984,"Недостаточно признаков: вход 1 gid, выход 1 gid, depth=1; наблюдение ограничено"
100000006735545100,peripheral,0.150000000000,3,0.243973384598,"Недостаточно признаков: вход 1 gid, выход 0 gid, depth=4; наблюдение ограничено"
100000006745291100,peripheral,0.150000000000,10,0.463065452472,"Недостаточно признаков: вход 1 gid, выход 0 gid, depth=1; наблюдение ограничено"
100000006746688100,peripheral,0.150000000000,6,0.223563876036,"Недостаточно признаков: вход 1 gid, выход 0 gid, depth=3; наблюдение ограничено"
100000006755850100,terminal,0.469582955576,4,0.445692061821,"1 плательщиков, 2 даты входа, последний день 22; r=0.000, исходящие вне выборки неизвестны"
100000006756956100,peripheral,0.150000000000,0,0.369500526815,"Недостаточно признаков: вход 1 gid, выход 0 gid, depth=4; наблюдение ограничено"
100000006787636100,peripheral,0.150000000000,2,0.187942521168,"Недостаточно признаков: вход 1 gid, выход 0 gid, depth=2; наблюдение ограничено"
100000006788200100,consolidator,0.804590888486,8,0.769454249748,"4 плательщиков, 4 входящих tx, вход 272155.80 KZT; признаки консолидации, вход неполон"
100000006789108100,peripheral,0.150000000000,10,0.426501971090,"Недостаточно признаков: вход 1 gid, выход 0 gid, depth=1; наблюдение ограничено"
100000006831291100,peripheral,0.150000000000,53,0.050483830513,"Недостаточно признаков: вход 0 gid, выход 1 gid, depth=0; наблюдение ограничено"
100000006844004100,peripheral,0.150000000000,1,0.190813763878,"Недостаточно признаков: вход 1 gid, выход 0 gid, depth=3; наблюдение ограничено"
100000006844768100,peripheral,0.150000000000,0,0.512721393534,"Недостаточно признаков: вход 1 gid, выход 2 gid, depth=2; наблюдение ограничено"
100000006852430100,peripheral,0.150000000000,10,0.346730219088,"Недостаточно признаков: вход 1 gid, выход 0 gid, depth=2; наблюдение ограничено"
100000006866783100,consolidator,0.848169764279,0,0.789352043412,"13 плательщиков, 31 входящих tx, вход 838812.00 KZT; признаки консолидации, вход неполон"
100000006866831100,peripheral,0.150000000000,0,0.178700708696,"Недостаточно признаков: вход 1 gid, выход 0 gid, depth=4; наблюдение ограничено"
100000006882208100,peripheral,0.150000000000,2,0.247966242211,"Недостаточно признаков: вход 1 gid, выход 0 gid, depth=3; наблюдение ограничено"
100000006888238100,peripheral,0.150000000000,76,0.236316958952,"Недостаточно признаков: вход 1 gid, выход 1 gid, depth=2; наблюдение ограничено"
100000006889963100,consolidator,0.814705349048,4,0.852054876249,"4 плательщиков, 6 входящих tx, вход 1431000.00 KZT; признаки консолидации, вход неполон"
100000006894637100,peripheral,0.150000000000,0,0.238637900262,"Недостаточно признаков: вход 1 gid, выход 0 gid, depth=3; наблюдение ограничено"
100000006901046100,peripheral,0.150000000000,2,0.275976822744,"Недостаточно признаков: вход 1 gid, выход 1 gid, depth=2; наблюдение ограничено"
100000006903193100,peripheral,0.150000000000,0,0.222125057823,"Недостаточно признаков: вход 1 gid, выход 0 gid, depth=4; наблюдение ограничено"
100000006912294100,peripheral,0.150000000000,19,0.271412314804,"Недостаточно признаков: вход 1 gid, выход 2 gid, depth=2; наблюдение ограничено"
100000006918814100,peripheral,0.150000000000,1,0.187942521168,"Недостаточно признаков: вход 1 gid, выход 0 gid, depth=4; наблюдение ограничено"
100000006919124100,peripheral,0.150000000000,0,0.264700203628,"Недостаточно признаков: вход 1 gid, выход 0 gid, depth=3; наблюдение ограничено"
100000006952718100,peripheral,0.150000000000,2,0.399103363277,"Недостаточно признаков: вход 1 gid, выход 0 gid, depth=1; наблюдение ограничено"
100000006965162100,peripheral,0.150000000000,29,0.161473252438,"Недостаточно признаков: вход 1 gid, выход 0 gid, depth=3; наблюдение ограничено"
100000006967370100,peripheral,0.150000000000,17,0.266653634928,"Недостаточно признаков: вход 1 gid, выход 1 gid, depth=3; наблюдение ограничено"
100000006972210100,consolidator,0.784496826836,19,0.755372115918,"3 плательщиков, 4 входящих tx, вход 488775.00 KZT; признаки консолидации, вход неполон"
100000006977207100,distributor,0.788944524496,3,0.490879712106,"15 получателей, 15 исходящих tx, выход 4157018.00 KZT; веер исходящих переводов"
100000006989106100,terminal,0.447914777879,11,0.246533817714,"1 плательщиков, 2 даты входа, последний день 25; r=0.000, исходящие вне выборки неизвестны"
100000006989232100,peripheral,0.150000000000,0,0.193056922245,"Недостаточно признаков: вход 1 gid, выход 0 gid, depth=3; наблюдение ограничено"
100000006994985100,peripheral,0.150000000000,8,0.388990874096,"Недостаточно признаков: вход 1 gid, выход 1 gid, depth=2; наблюдение ограничено"
100000007005380100,peripheral,0.150000000000,4,0.158153378055,"Недостаточно признаков: вход 1 gid, выход 0 gid, depth=3; наблюдение ограничено"
100000007018630100,peripheral,0.150000000000,63,0.168563686951,"Недостаточно признаков: вход 0 gid, выход 1 gid, depth=0; наблюдение ограничено"
100000007020162100,peripheral,0.150000000000,15,0.258108514887,"Недостаточно признаков: вход 1 gid, выход 0 gid, depth=3; наблюдение ограничено"
100000007022818100,peripheral,0.150000000000,6,0.180450372223,"Недостаточно признаков: вход 1 gid, выход 0 gid, depth=3; наблюдение ограничено"
100000007034089100,peripheral,0.150000000000,5,0.468946209566,"Недостаточно признаков: вход 2 gid, выход 0 gid, depth=4; наблюдение ограничено"
100000007042175100,peripheral,0.150000000000,0,0.309249328797,"Недостаточно признаков: вход 1 gid, выход 0 gid, depth=4; наблюдение ограничено"
100000007055802100,consolidator,0.841812103354,0,0.708749228295,"6 плательщиков, 34 входящих tx, вход 2024999.00 KZT; признаки консолидации, вход неполон"
100000007071852100,peripheral,0.150000000000,3,0.354740580479,"Недостаточно признаков: вход 1 gid, выход 0 gid, depth=4; наблюдение ограничено"
100000007129492100,peripheral,0.150000000000,10,0.721864028807,"Недостаточно признаков: вход 2 gid, выход 1 gid, depth=1; наблюдение ограничено"
100000007131370100,peripheral,0.150000000000,16,0.329450485636,"Недостаточно признаков: вход 1 gid, выход 1 gid, depth=3; наблюдение ограничено"
100000007138613100,consolidator,0.772243880326,0,0.676541318353,"3 плательщиков, 3 входящих tx, вход 1002000.00 KZT; признаки консолидации, вход неполон"
100000007140834100,terminal,0.447914777879,8,0.164434221482,"1 плательщиков, 2 даты входа, последний день 22; r=0.000, исходящие вне выборки неизвестны"
100000007153161100,peripheral,0.150000000000,0,0.290945156522,"Недостаточно признаков: вход 1 gid, выход 0 gid, depth=4; наблюдение ограничено"
100000007170072100,peripheral,0.150000000000,3,0.375977348047,"Недостаточно признаков: вход 1 gid, выход 2 gid, depth=3; наблюдение ограничено"
100000007173936100,peripheral,0.150000000000,30,0.257611787470,"Недостаточно признаков: вход 1 gid, выход 0 gid, depth=2; наблюдение ограничено"
100000007175718100,peripheral,0.150000000000,46,0.271156806883,"Недостаточно признаков: вход 1 gid, выход 0 gid, depth=1; наблюдение ограничено"
100000007181706100,peripheral,0.150000000000,1,0.598968905981,"Недостаточно признаков: вход 2 gid, выход 0 gid, depth=1; наблюдение ограничено"
100000007197866100,peripheral,0.150000000000,3,0.239556281855,"Недостаточно признаков: вход 1 gid, выход 1 gid, depth=3; наблюдение ограничено"
100000007229557100,consolidator,0.772243880326,20,0.581474793073,"3 плательщиков, 3 входящих tx, вход 878000.00 KZT; признаки консолидации, вход неполон"
100000007242833100,peripheral,0.150000000000,12,0.428917183160,"Недостаточно признаков: вход 1 gid, выход 1 gid, depth=2; наблюдение ограничено"
100000007267915100,peripheral,0.150000000000,17,0.341530893342,"Недостаточно признаков: вход 2 gid, выход 1 gid, depth=3; наблюдение ограничено"
100000007274584100,peripheral,0.150000000000,1,0.418993873574,"Недостаточно признаков: вход 1 gid, выход 0 gid, depth=1; наблюдение ограничено"
100000007281639100,peripheral,0.150000000000,2,0.587288319588,"Недостаточно признаков: вход 2 gid, выход 0 gid, depth=1; наблюдение ограничено"
100000007283257100,peripheral,0.150000000000,67,0.372637291405,"Недостаточно признаков: вход 1 gid, выход 0 gid, depth=1; наблюдение ограничено"
100000007289427100,peripheral,0.150000000000,1,0.167754095865,"Недостаточно признаков: вход 1 gid, выход 0 gid, depth=2; наблюдение ограничено"
100000007303047100,peripheral,0.150000000000,6,0.238368721258,"Недостаточно признаков: вход 1 gid, выход 0 gid, depth=3; наблюдение ограничено"
100000007311010100,peripheral,0.150000000000,1,0.631612287593,"Недостаточно признаков: вход 2 gid, выход 1 gid, depth=1; наблюдение ограничено"
100000007322059100,peripheral,0.150000000000,33,0.404001505720,"Недостаточно признаков: вход 2 gid, выход 1 gid, depth=2; наблюдение ограничено"
100000007330432100,peripheral,0.150000000000,51,0.325313539562,"Недостаточно признаков: вход 1 gid, выход 0 gid, depth=4; наблюдение ограничено"
100000007333038100,peripheral,0.150000000000,13,0.285686666179,"Недостаточно признаков: вход 1 gid, выход 2 gid, depth=3; наблюдение ограничено"
100000007334196100,peripheral,0.150000000000,10,0.487740194509,"Недостаточно признаков: вход 1 gid, выход 0 gid, depth=1; наблюдение ограничено"
100000007337374100,terminal,0.447914777879,18,0.187942521168,"1 плательщиков, 2 даты входа, последний день 27; r=0.000, исходящие вне выборки неизвестны"
100000007347733100,peripheral,0.150000000000,53,0.277706829314,"Недостаточно признаков: вход 1 gid, выход 0 gid, depth=1; наблюдение ограничено"
100000007357489100,peripheral,0.150000000000,5,0.462127008130,"Недостаточно признаков: вход 2 gid, выход 0 gid, depth=4; наблюдение ограничено"
100000007381662100,peripheral,0.150000000000,0,0.230110701610,"Недостаточно признаков: вход 1 gid, выход 0 gid, depth=4; наблюдение ограничено"
100000007382152100,peripheral,0.150000000000,0,0.216292846069,"Недостаточно признаков: вход 1 gid, выход 0 gid, depth=2; наблюдение ограничено"
100000007382543100,consolidator,0.772243880326,29,0.618071336378,"3 плательщиков, 3 входящих tx, вход 218000.00 KZT; признаки консолидации, вход неполон"
100000007390016100,peripheral,0.150000000000,85,0.441653267153,"Недостаточно признаков: вход 1 gid, выход 1 gid, depth=3; наблюдение ограничено"
100000007392365100,peripheral,0.150000000000,43,0.566634263227,"Недостаточно признаков: вход 1 gid, выход 6 gid, depth=3; наблюдение ограничено"
100000007442518100,consolidator,0.828133499547,30,0.864722571208,"5 плательщиков, 8 входящих tx, вход 510000.00 KZT; признаки консолидации, вход неполон"
100000007472293100,peripheral,0.150000000000,48,0.540624005149,"Недостаточно признаков: вход 1 gid, выход 3 gid, depth=3; наблюдение ограничено"
100000007484343100,peripheral,0.150000000000,0,0.383437012617,"Недостаточно признаков: вход 2 gid, выход 0 gid, depth=3; наблюдение ограничено"
100000007487729100,peripheral,0.150000000000,0,0.200010713183,"Недостаточно признаков: вход 1 gid, выход 0 gid, depth=3; наблюдение ограничено"
100000007507343100,peripheral,0.150000000000,52,0.395786685752,"Недостаточно признаков: вход 1 gid, выход 0 gid, depth=1; наблюдение ограничено"
100000007510567100,peripheral,0.150000000000,9,0.302654443198,"Недостаточно признаков: вход 1 gid, выход 0 gid, depth=4; наблюдение ограничено"
100000007510875100,peripheral,0.150000000000,19,0.147834849567,"Недостаточно признаков: вход 1 gid, выход 0 gid, depth=3; наблюдение ограничено"
100000007511163100,peripheral,0.150000000000,2,0.668107670355,"Недостаточно признаков: вход 2 gid, выход 3 gid, depth=1; наблюдение ограничено"
100000007511780100,peripheral,0.150000000000,0,0.282289762083,"Недостаточно признаков: вход 1 gid, выход 0 gid, depth=4; наблюдение ограничено"
100000007534354100,peripheral,0.150000000000,10,0.366284475638,"Недостаточно признаков: вход 1 gid, выход 3 gid, depth=2; наблюдение ограничено"
100000007536804100,peripheral,0.150000000000,11,0.411612334930,"Недостаточно признаков: вход 1 gid, выход 2 gid, depth=1; наблюдение ограничено"
100000007539296100,peripheral,0.150000000000,4,0.228274508607,"Недостаточно признаков: вход 1 gid, выход 0 gid, depth=4; наблюдение ограничено"
100000007544358100,transit,0.363173326864,2,0.633831192494,"Вход 322500.00, выход 350000.00 KZT, r=1.085; сходство объёмов, порядок не известен"
100000007591246100,peripheral,0.150000000000,14,0.369350167168,"Недостаточно признаков: вход 1 gid, выход 1 gid, depth=3; наблюдение ограничено"
100000007593823100,distributor,0.791761527378,0,0.717740138783,"13 получателей, 21 исходящих tx, выход 162900.00 KZT; веер исходящих переводов"
100000007594394100,consolidator,0.826033544878,21,0.682444304913,"6 плательщиков, 6 входящих tx, вход 395385.00 KZT; признаки консолидации, вход неполон"
100000007597382100,peripheral,0.150000000000,4,0.272954990700,"Недостаточно признаков: вход 1 gid, выход 0 gid, depth=3; наблюдение ограничено"
100000007617808100,peripheral,0.150000000000,2,0.433446703158,"Недостаточно признаков: вход 1 gid, выход 0 gid, depth=2; наблюдение ограничено"
100000007618425100,peripheral,0.150000000000,17,0.221141265000,"Недостаточно признаков: вход 1 gid, выход 0 gid, depth=3; наблюдение ограничено"
100000007629096100,consolidator,0.810775158658,0,0.617044475799,"4 плательщиков, 5 входящих tx, вход 1075170.00 KZT; признаки консолидации, вход неполон"
100000007629121100,peripheral,0.150000000000,1,0.323531943176,"Недостаточно признаков: вход 1 gid, выход 0 gid, depth=2; наблюдение ограничено"
100000007631637100,peripheral,0.150000000000,7,0.258684846362,"Недостаточно признаков: вход 1 gid, выход 0 gid, depth=1; наблюдение ограничено"
100000007639767100,consolidator,0.804590888486,0,0.810268002532,"4 плательщиков, 4 входящих tx, вход 90913.00 KZT; признаки консолидации, вход неполон"
100000007641183100,peripheral,0.150000000000,2,0.354509374942,"Недостаточно признаков: вход 1 gid, выход 0 gid, depth=1; наблюдение ограничено"
100000007641801100,peripheral,0.150000000000,11,0.375059902441,"Недостаточно признаков: вход 1 gid, выход 0 gid, depth=1; наблюдение ограничено"
100000007647294100,peripheral,0.150000000000,36,0.313738842388,"Недостаточно признаков: вход 1 gid, выход 0 gid, depth=3; наблюдение ограничено"
100000007648946100,peripheral,0.150000000000,14,0.322651781286,"Недостаточно признаков: вход 1 gid, выход 1 gid, depth=1; наблюдение ограничено"
100000007653003100,peripheral,0.150000000000,17,0.265645527000,"Недостаточно признаков: вход 1 gid, выход 0 gid, depth=3; наблюдение ограничено"
100000007653094100,peripheral,0.150000000000,14,0.293069852553,"Недостаточно признаков: вход 1 gid, выход 0 gid, depth=4; наблюдение ограничено"
100000007689942100,peripheral,0.150000000000,21,0.296569579304,"Недостаточно признаков: вход 1 gid, выход 2 gid, depth=3; наблюдение ограничено"
100000007731977100,peripheral,0.150000000000,0,0.299514021484,"Недостаточно признаков: вход 1 gid, выход 0 gid, depth=4; наблюдение ограничено"
100000007737775100,peripheral,0.150000000000,34,0.216786340910,"Недостаточно признаков: вход 1 gid, выход 0 gid, depth=3; наблюдение ограничено"
100000007745062100,peripheral,0.150000000000,12,0.330335017446,"Недостаточно признаков: вход 1 gid, выход 0 gid, depth=4; наблюдение ограничено"
100000007747786100,distributor,0.827402737752,11,0.296231720199,"31 получателей, 35 исходящих tx, выход 4238009.40 KZT; веер исходящих переводов"
100000007749092100,peripheral,0.150000000000,2,0.273643938043,"Недостаточно признаков: вход 1 gid, выход 1 gid, depth=2; наблюдение ограничено"
100000007749747100,peripheral,0.150000000000,5,0.234824531038,"Недостаточно признаков: вход 1 gid, выход 0 gid, depth=4; наблюдение ограничено"
100000007754369100,peripheral,0.150000000000,0,0.256313988194,"Недостаточно признаков: вход 1 gid, выход 0 gid, depth=3; наблюдение ограничено"
100000007777377100,terminal,0.424007552576,2,0.569511969584,"1 плательщиков, 7 даты входа, последний день 20; r=0.022, исходящие вне выборки неизвестны"
100000007793871100,terminal,0.469582955576,10,0.298796175087,"1 плательщиков, 3 даты входа, последний день 25; r=0.000, исходящие вне выборки неизвестны"
100000007797290100,peripheral,0.150000000000,0,0.381948778133,"Недостаточно признаков: вход 1 gid, выход 1 gid, depth=2; наблюдение ограничено"
100000007811950100,peripheral,0.150000000000,27,0.234824531038,"Недостаточно признаков: вход 1 gid, выход 0 gid, depth=4; наблюдение ограничено"
100000007841978100,peripheral,0.150000000000,4,0.414004788816,"Недостаточно признаков: вход 1 gid, выход 0 gid, depth=4; наблюдение ограничено"
100000007861311100,peripheral,0.150000000000,11,0.227018339921,"Недостаточно признаков: вход 1 gid, выход 0 gid, depth=2; наблюдение ограничено"
100000007863304100,peripheral,0.150000000000,4,0.296149248214,"Недостаточно признаков: вход 1 gid, выход 0 gid, depth=3; наблюдение ограничено"
100000007864477100,peripheral,0.150000000000,0,0.626947282304,"Недостаточно признаков: вход 2 gid, выход 6 gid, depth=3; наблюдение ограничено"
100000007865484100,peripheral,0.150000000000,43,0.389913303673,"Недостаточно признаков: вход 1 gid, выход 0 gid, depth=4; наблюдение ограничено"
100000007867364100,peripheral,0.150000000000,21,0.224281686713,"Недостаточно признаков: вход 1 gid, выход 0 gid, depth=4; наблюдение ограничено"
100000007898453100,peripheral,0.150000000000,1,0.529477247440,"Недостаточно признаков: вход 1 gid, выход 2 gid, depth=2; наблюдение ограничено"
100000007908818100,consolidator,0.804590888486,1,0.937384037303,"4 плательщиков, 4 входящих tx, вход 727475.00 KZT; признаки консолидации, вход неполон"
100000007930878100,peripheral,0.150000000000,54,0.147834849567,"Недостаточно признаков: вход 1 gid, выход 0 gid, depth=2; наблюдение ограничено"
100000007938486100,peripheral,0.150000000000,7,0.304445277048,"Недостаточно признаков: вход 1 gid, выход 0 gid, depth=1; наблюдение ограничено"
100000007939160100,terminal,0.393952513728,54,0.472734468350,"1 плательщиков, 2 даты входа, последний день 24; r=0.018, исходящие вне выборки неизвестны"
100000007953156100,peripheral,0.150000000000,15,0.343049080872,"Недостаточно признаков: вход 1 gid, выход 1 gid, depth=2; наблюдение ограничено"
100000007960337100,peripheral,0.150000000000,3,0.314139378318,"Недостаточно признаков: вход 1 gid, выход 0 gid, depth=4; наблюдение ограничено"
100000007982728100,peripheral,0.150000000000,8,0.283173241642,"Недостаточно признаков: вход 0 gid, выход 8 gid, depth=0; наблюдение ограничено"
100000007982908100,peripheral,0.150000000000,18,0.212886442209,"Недостаточно признаков: вход 1 gid, выход 0 gid, depth=2; наблюдение ограничено"
100000007988344100,peripheral,0.150000000000,0,0.252632011614,"Недостаточно признаков: вход 1 gid, выход 0 gid, depth=4; наблюдение ограничено"
100000007997939100,peripheral,0.150000000000,5,0.233789481331,"Недостаточно признаков: вход 1 gid, выход 0 gid, depth=4; наблюдение ограничено"
100000007998965100,consolidator,0.825474841342,10,0.627776090882,"5 плательщиков, 7 входящих tx, вход 278000.00 KZT; признаки консолидации, вход неполон"
100000007999728100,peripheral,0.150000000000,15,0.194851448939,"Недостаточно признаков: вход 1 gid, выход 0 gid, depth=3; наблюдение ограничено"
100000008002020100,peripheral,0.150000000000,12,0.370969150372,"Недостаточно признаков: вход 1 gid, выход 1 gid, depth=1; наблюдение ограничено"
100000008003034100,coordinator,0.457431456127,14,0.599037421579,"Достижим от 2 seed, betweenness=0.00199, межкластерный объём 0.48; структурный кандидат"
100000008008463100,peripheral,0.150000000000,8,0.240522153290,"Недостаточно признаков: вход 1 gid, выход 0 gid, depth=2; наблюдение ограничено"
100000008011159100,consolidator,0.794611287398,44,0.671275331708,"3 плательщиков, 6 входящих tx, вход 363000.00 KZT; признаки консолидации, вход неполон"
100000008011573100,peripheral,0.150000000000,17,0.173765760289,"Недостаточно признаков: вход 1 gid, выход 0 gid, depth=3; наблюдение ограничено"
100000008027922100,peripheral,0.150000000000,25,0.249763965762,"Недостаточно признаков: вход 1 gid, выход 0 gid, depth=4; наблюдение ограничено"
100000008028628100,peripheral,0.150000000000,7,0.325979597372,"Недостаточно признаков: вход 1 gid, выход 0 gid, depth=1; наблюдение ограничено"
100000008029279100,peripheral,0.150000000000,3,0.179373656206,"Недостаточно признаков: вход 1 gid, выход 0 gid, depth=3; наблюдение ограничено"
100000008038077100,peripheral,0.150000000000,4,0.417234936864,"Недостаточно признаков: вход 1 gid, выход 0 gid, depth=3; наблюдение ограничено"
100000008042075100,peripheral,0.150000000000,26,0.147834849567,"Недостаточно признаков: вход 1 gid, выход 0 gid, depth=3; наблюдение ограничено"
100000008043184100,peripheral,0.150000000000,17,0.236843373568,"Недостаточно признаков: вход 1 gid, выход 0 gid, depth=3; наблюдение ограничено"
100000008050986100,peripheral,0.150000000000,4,0.358688503486,"Недостаточно признаков: вход 1 gid, выход 0 gid, depth=4; наблюдение ограничено"
100000008055972100,peripheral,0.150000000000,6,0.207009367288,"Недостаточно признаков: вход 1 gid, выход 0 gid, depth=3; наблюдение ограничено"
100000008060273100,terminal,0.447914777879,1,0.288901596387,"1 плательщиков, 2 даты входа, последний день 28; r=0.000, исходящие вне выборки неизвестны"
100000008066326100,peripheral,0.150000000000,0,0.268554743177,"Недостаточно признаков: вход 1 gid, выход 0 gid, depth=1; наблюдение ограничено"
100000008070101100,peripheral,0.150000000000,5,0.330335017446,"Недостаточно признаков: вход 1 gid, выход 0 gid, depth=3; наблюдение ограничено"
100000008071620100,peripheral,0.150000000000,0,0.312700099839,"Недостаточно признаков: вход 1 gid, выход 0 gid, depth=1; наблюдение ограничено"
100000008071749100,peripheral,0.150000000000,9,0.263129992772,"Недостаточно признаков: вход 1 gid, выход 0 gid, depth=4; наблюдение ограничено"
100000008074304100,peripheral,0.150000000000,4,0.247113806312,"Недостаточно признаков: вход 1 gid, выход 0 gid, depth=4; наблюдение ограничено"
100000008077552100,peripheral,0.150000000000,3,0.293819596090,"Недостаточно признаков: вход 1 gid, выход 0 gid, depth=3; наблюдение ограничено"
100000008086440100,peripheral,0.150000000000,0,0.513545113751,"Недостаточно признаков: вход 1 gid, выход 5 gid, depth=3; наблюдение ограничено"
100000008088082100,peripheral,0.150000000000,14,0.382576826757,"Недостаточно признаков: вход 1 gid, выход 1 gid, depth=3; наблюдение ограничено"
100000008094734100,consolidator,0.804590888486,0,0.725013250689,"4 плательщиков, 4 входящих tx, вход 236249.00 KZT; признаки консолидации, вход неполон"
100000008097580100,peripheral,0.150000000000,3,0.327854745141,"Недостаточно признаков: вход 2 gid, выход 0 gid, depth=3; наблюдение ограничено"
100000008104567100,consolidator,0.772243880326,9,0.605685903986,"3 плательщиков, 3 входящих tx, вход 53550.00 KZT; признаки консолидации, вход неполон"
100000008106997100,peripheral,0.150000000000,1,0.448061091832,"Недостаточно признаков: вход 2 gid, выход 1 gid, depth=2; наблюдение ограничено"
100000008111003100,consolidator,0.833951722575,0,0.654021218870,"6 плательщиков, 9 входящих tx, вход 222716.00 KZT; признаки консолидации, вход неполон"
100000008116374100,peripheral,0.150000000000,2,0.361149123708,"Недостаточно признаков: вход 1 gid, выход 0 gid, depth=1; наблюдение ограничено"
100000008117324100,peripheral,0.050000000000,100,0.000000000000,"Недостаточно признаков: вход 0 gid, выход 0 gid, depth=0; наблюдение ограничено"
100000008121806100,peripheral,0.150000000000,3,0.470007182965,"Недостаточно признаков: вход 1 gid, выход 4 gid, depth=3; наблюдение ограничено"
100000008129393100,peripheral,0.150000000000,53,0.244687538152,"Недостаточно признаков: вход 1 gid, выход 0 gid, depth=1; наблюдение ограничено"
100000008130868100,peripheral,0.150000000000,13,0.193864459257,"Недостаточно признаков: вход 1 gid, выход 0 gid, depth=4; наблюдение ограничено"
100000008136608100,peripheral,0.150000000000,9,0.286013404973,"Недостаточно признаков: вход 1 gid, выход 0 gid, depth=4; наблюдение ограничено"
100000008137435100,peripheral,0.150000000000,25,0.706927501634,"Недостаточно признаков: вход 2 gid, выход 6 gid, depth=1; наблюдение ограничено"
100000008141170100,peripheral,0.150000000000,2,0.165421211164,"Недостаточно признаков: вход 1 gid, выход 0 gid, depth=2; наблюдение ограничено"
100000008144528100,consolidator,0.834433363554,2,0.595187608605,"5 плательщиков, 13 входящих tx, вход 1068202.60 KZT; признаки консолидации, вход неполон"
100000008151098100,peripheral,0.150000000000,28,0.210329241671,"Недостаточно признаков: вход 1 gid, выход 0 gid, depth=4; наблюдение ограничено"
100000008165763100,consolidator,0.848227561197,1,0.879372566169,"15 плательщиков, 26 входящих tx, вход 1165815.00 KZT; признаки консолидации, вход неполон"
100000008168850100,peripheral,0.150000000000,4,0.384709140543,"Недостаточно признаков: вход 1 gid, выход 0 gid, depth=4; наблюдение ограничено"
100000008169544100,peripheral,0.150000000000,2,0.580043225329,"Недостаточно признаков: вход 1 gid, выход 4 gid, depth=1; наблюдение ограничено"
100000008172352100,consolidator,0.772243880326,33,0.757691802911,"3 плательщиков, 3 входящих tx, вход 90265.00 KZT; признаки консолидации, вход неполон"
100000008172721100,peripheral,0.150000000000,3,0.285564773299,"Недостаточно признаков: вход 1 gid, выход 0 gid, depth=4; наблюдение ограничено"
100000008173359100,peripheral,0.150000000000,2,0.300673574134,"Недостаточно признаков: вход 1 gid, выход 0 gid, depth=1; наблюдение ограничено"
100000008174521100,peripheral,0.150000000000,2,0.352273070556,"Недостаточно признаков: вход 1 gid, выход 0 gid, depth=2; наблюдение ограничено"
100000008175078100,peripheral,0.150000000000,37,0.436436372485,"Недостаточно признаков: вход 1 gid, выход 0 gid, depth=4; наблюдение ограничено"
100000008183752100,peripheral,0.150000000000,20,0.277623992680,"Недостаточно признаков: вход 1 gid, выход 0 gid, depth=4; наблюдение ограничено"
100000008188026100,peripheral,0.150000000000,16,0.721875877472,"Недостаточно признаков: вход 2 gid, выход 4 gid, depth=1; наблюдение ограничено"
100000008190411100,peripheral,0.150000000000,31,0.290679174376,"Недостаточно признаков: вход 1 gid, выход 0 gid, depth=4; наблюдение ограничено"
100000008190442100,peripheral,0.150000000000,6,0.169099990886,"Недостаточно признаков: вход 1 gid, выход 0 gid, depth=3; наблюдение ограничено"
100000008192264100,peripheral,0.150000000000,4,0.436322901229,"Недостаточно признаков: вход 1 gid, выход 1 gid, depth=3; наблюдение ограничено"
100000008193258100,peripheral,0.150000000000,17,0.303934926987,"Недостаточно признаков: вход 1 gid, выход 1 gid, depth=3; наблюдение ограничено"
100000008193577100,peripheral,0.150000000000,62,0.607851096593,"Недостаточно признаков: вход 2 gid, выход 5 gid, depth=1; наблюдение ограничено"
100000008200810100,peripheral,0.150000000000,13,0.384081091919,"Недостаточно признаков: вход 1 gid, выход 0 gid, depth=3; наблюдение ограничено"
100000008205000100,peripheral,0.050000000000,101,0.000000000000,"Недостаточно признаков: вход 0 gid, выход 0 gid, depth=0; наблюдение ограничено"
100000008205937100,terminal,0.469582955576,14,0.340820211172,"1 плательщиков, 3 даты входа, последний день 26; r=0.000, исходящие вне выборки неизвестны"
100000008213966100,consolidator,0.797963508613,29,0.600024225278,"3 плательщиков, 7 входящих tx, вход 187004.00 KZT; признаки консолидации, вход неполон"
100000008219168100,terminal,0.447914777879,11,0.322569996654,"1 плательщиков, 2 даты входа, последний день 25; r=0.000, исходящие вне выборки неизвестны"
100000008221543100,terminal,0.447914777879,17,0.520669748666,"2 плательщиков, 2 даты входа, последний день 14; r=0.000, исходящие вне выборки неизвестны"
100000008221765100,peripheral,0.150000000000,4,0.378652612952,"Недостаточно признаков: вход 1 gid, выход 0 gid, depth=4; наблюдение ограничено"
100000008223661100,peripheral,0.150000000000,5,0.650348147964,"Недостаточно признаков: вход 2 gid, выход 5 gid, depth=3; наблюдение ограничено"
100000008223756100,terminal,0.447914777879,3,0.487519560845,"2 плательщиков, 2 даты входа, последний день 22; r=0.000, исходящие вне выборки неизвестны"
100000008229700100,peripheral,0.150000000000,12,0.302325545920,"Недостаточно признаков: вход 1 gid, выход 1 gid, depth=1; наблюдение ограничено"
100000008232832100,peripheral,0.150000000000,31,0.531074832845,"Недостаточно признаков: вход 1 gid, выход 1 gid, depth=1; наблюдение ограничено"
100000008237827100,peripheral,0.150000000000,1,0.421416484611,"Недостаточно признаков: вход 1 gid, выход 0 gid, depth=1; наблюдение ограничено"
100000008238112100,peripheral,0.150000000000,4,0.385247498551,"Недостаточно признаков: вход 1 gid, выход 0 gid, depth=3; наблюдение ограничено"
100000008238989100,terminal,0.447914777879,25,0.291845616727,"1 плательщиков, 2 даты входа, последний день 3; r=0.000, исходящие вне выборки неизвестны"
100000008244300100,consolidator,0.822122620127,4,0.572598382848,"5 плательщиков, 6 входящих tx, вход 65430.00 KZT; признаки консолидации, вход неполон"
100000008251939100,peripheral,0.150000000000,9,0.290317072179,"Недостаточно признаков: вход 1 gid, выход 0 gid, depth=4; наблюдение ограничено"
100000008254069100,peripheral,0.150000000000,23,0.540148247375,"Недостаточно признаков: вход 1 gid, выход 5 gid, depth=2; наблюдение ограничено"
100000008254576100,peripheral,0.150000000000,36,0.305772931258,"Недостаточно признаков: вход 1 gid, выход 1 gid, depth=3; наблюдение ограничено"
100000008255655100,peripheral,0.150000000000,17,0.150347186938,"Недостаточно признаков: вход 1 gid, выход 0 gid, depth=4; наблюдение ограничено"
100000008258083100,peripheral,0.150000000000,30,0.680725262697,"Недостаточно признаков: вход 2 gid, выход 2 gid, depth=2; наблюдение ограничено"
100000008258458100,peripheral,0.150000000000,66,0.513973253926,"Недостаточно признаков: вход 1 gid, выход 2 gid, depth=3; наблюдение ограничено"
100000008259451100,peripheral,0.150000000000,15,0.241329690302,"Недостаточно признаков: вход 1 gid, выход 0 gid, depth=3; наблюдение ограничено"
100000008279405100,peripheral,0.150000000000,3,0.296601112465,"Недостаточно признаков: вход 1 gid, выход 0 gid, depth=3; наблюдение ограничено"
100000008283183100,peripheral,0.150000000000,18,0.208086083304,"Недостаточно признаков: вход 1 gid, выход 0 gid, depth=2; наблюдение ограничено"
100000008289539100,peripheral,0.150000000000,16,0.268558400301,"Недостаточно признаков: вход 1 gid, выход 0 gid, depth=2; наблюдение ограничено"
100000008293431100,peripheral,0.150000000000,0,0.452686967754,"Недостаточно признаков: вход 1 gid, выход 5 gid, depth=3; наблюдение ограничено"
100000008295429100,peripheral,0.150000000000,4,0.407544492719,"Недостаточно признаков: вход 1 gid, выход 0 gid, depth=3; наблюдение ограничено"
100000008297199100,peripheral,0.150000000000,0,0.289150629829,"Недостаточно признаков: вход 1 gid, выход 0 gid, depth=3; наблюдение ограничено"
100000008304115100,peripheral,0.150000000000,12,0.320461427789,"Недостаточно признаков: вход 1 gid, выход 0 gid, depth=1; наблюдение ограничено"
100000008304139100,distributor,0.825381844380,1,0.821232312315,"24 получателей, 43 исходящих tx, выход 1692997.00 KZT; веер исходящих переводов"
100000008306857100,peripheral,0.150000000000,13,0.338724429739,"Недостаточно признаков: вход 1 gid, выход 0 gid, depth=3; наблюдение ограничено"
100000008308418100,peripheral,0.150000000000,0,0.299514021484,"Недостаточно признаков: вход 1 gid, выход 0 gid, depth=4; наблюдение ограничено"
100000008309514100,peripheral,0.150000000000,6,0.180450372223,"Недостаточно признаков: вход 1 gid, выход 0 gid, depth=3; наблюдение ограничено"
100000008314203100,peripheral,0.150000000000,31,0.749451548238,"Недостаточно признаков: вход 2 gid, выход 2 gid, depth=0; наблюдение ограничено"
100000008314863100,peripheral,0.150000000000,1,0.231501459797,"Недостаточно признаков: вход 1 gid, выход 0 gid, depth=3; наблюдение ограничено"
100000008321975100,peripheral,0.150000000000,24,0.216382572404,"Недостаточно признаков: вход 1 gid, выход 0 gid, depth=4; наблюдение ограничено"
100000008324800100,consolidator,0.808887126020,85,0.604718869117,"3 плательщиков, 17 входящих tx, вход 526500.00 KZT; признаки консолидации, вход неполон"
100000008327791100,peripheral,0.150000000000,17,0.165421211164,"Недостаточно признаков: вход 1 gid, выход 0 gid, depth=4; наблюдение ограничено"
100000008331280100,peripheral,0.150000000000,28,0.223563876036,"Недостаточно признаков: вход 1 gid, выход 0 gid, depth=4; наблюдение ограничено"
100000008332511100,peripheral,0.150000000000,8,0.381091386873,"Недостаточно признаков: вход 1 gid, выход 0 gid, depth=3; наблюдение ограничено"
100000008333492100,peripheral,0.150000000000,48,0.294178501428,"Недостаточно признаков: вход 1 gid, выход 0 gid, depth=4; наблюдение ограничено"
100000008335401100,peripheral,0.150000000000,9,0.345139862668,"Недостаточно признаков: вход 1 gid, выход 0 gid, depth=2; наблюдение ограничено"
100000008336318100,peripheral,0.150000000000,5,0.286013404973,"Недостаточно признаков: вход 1 gid, выход 0 gid, depth=4; наблюдение ограничено"
100000008337304100,peripheral,0.150000000000,3,0.268696222380,"Недостаточно признаков: вход 1 gid, выход 0 gid, depth=4; наблюдение ограничено"
100000008343415100,peripheral,0.150000000000,3,0.330335017446,"Недостаточно признаков: вход 1 gid, выход 0 gid, depth=4; наблюдение ограничено"
100000008343874100,peripheral,0.150000000000,3,0.595163935864,"Недостаточно признаков: вход 2 gid, выход 2 gid, depth=3; наблюдение ограничено"
100000008346837100,consolidator,0.842235947416,14,0.808010225903,"9 плательщиков, 12 входящих tx, вход 254359.00 KZT; признаки консолидации, вход неполон"
100000008349675100,peripheral,0.150000000000,11,0.336331826764,"Недостаточно признаков: вход 1 gid, выход 1 gid, depth=1; наблюдение ограничено"
100000008349740100,peripheral,0.150000000000,37,0.345902500794,"Недостаточно признаков: вход 1 gid, выход 0 gid, depth=4; наблюдение ограничено"
100000008352542100,peripheral,0.150000000000,1,0.352109780772,"Недостаточно признаков: вход 1 gid, выход 0 gid, depth=2; наблюдение ограничено"
100000008356606100,terminal,0.447914777879,14,0.399321770713,"2 плательщиков, 2 даты входа, последний день 22; r=0.000, исходящие вне выборки неизвестны"
100000008376089100,peripheral,0.150000000000,30,0.372282043190,"Недостаточно признаков: вход 1 gid, выход 0 gid, depth=2; наблюдение ограничено"
100000008376785100,peripheral,0.150000000000,4,0.392605057995,"Недостаточно признаков: вход 1 gid, выход 0 gid, depth=4; наблюдение ограничено"
100000008379273100,coordinator,0.454676865142,9,0.572845902232,"Достижим от 2 seed, betweenness=0.00170, межкластерный объём 0.28; структурный кандидат"
100000008383405100,terminal,0.447914777879,26,0.283224998897,"1 плательщиков, 2 даты входа, последний день 8; r=0.000, исходящие вне выборки неизвестны"
100000008388049100,peripheral,0.150000000000,13,0.385696165943,"Недостаточно признаков: вход 1 gid, выход 0 gid, depth=3; наблюдение ограничено"
100000008389800100,consolidator,0.772243880326,2,0.618848214547,"3 плательщиков, 3 входящих tx, вход 189000.00 KZT; признаки консолидации, вход неполон"
100000008405209100,peripheral,0.150000000000,17,0.240701605960,"Недостаточно признаков: вход 1 gid, выход 0 gid, depth=3; наблюдение ограничено"
100000008406609100,peripheral,0.150000000000,23,0.215892274421,"Недостаточно признаков: вход 1 gid, выход 0 gid, depth=2; наблюдение ограничено"
100000008413748100,distributor,0.805907780980,17,0.702235680208,"18 получателей, 21 исходящих tx, выход 1377320.22 KZT; веер исходящих переводов"
100000008416433100,peripheral,0.150000000000,15,0.187942521168,"Недостаточно признаков: вход 1 gid, выход 0 gid, depth=3; наблюдение ограничено"
100000008417029100,peripheral,0.150000000000,5,0.330335017446,"Недостаточно признаков: вход 1 gid, выход 0 gid, depth=3; наблюдение ограничено"
100000008417359100,peripheral,0.150000000000,17,0.326398530053,"Недостаточно признаков: вход 1 gid, выход 2 gid, depth=3; наблюдение ограничено"
100000008418835100,peripheral,0.150000000000,16,0.587071964234,"Недостаточно признаков: вход 1 gid, выход 4 gid, depth=0; наблюдение ограничено"
100000008418934100,peripheral,0.150000000000,19,0.311854589360,"Недостаточно признаков: вход 1 gid, выход 0 gid, depth=2; наблюдение ограничено"
100000008422226100,peripheral,0.150000000000,0,0.323067184337,"Недостаточно признаков: вход 1 gid, выход 0 gid, depth=3; наблюдение ограничено"
100000008427027100,peripheral,0.150000000000,1,0.371429678729,"Недостаточно признаков: вход 1 gid, выход 0 gid, depth=3; наблюдение ограничено"
100000008430691100,peripheral,0.150000000000,51,0.420438694197,"Недостаточно признаков: вход 1 gid, выход 2 gid, depth=3; наблюдение ограничено"
100000008432942100,terminal,0.447914777879,0,0.290855430187,"1 плательщиков, 2 даты входа, последний день 27; r=0.000, исходящие вне выборки неизвестны"
100000008436257100,peripheral,0.150000000000,17,0.331040030022,"Недостаточно признаков: вход 2 gid, выход 0 gid, depth=3; наблюдение ограничено"
100000008438656100,terminal,0.260414777879,1,0.647316750967,"2 плательщиков, 2 даты входа, последний день 17; r=0.062, исходящие вне выборки неизвестны"
100000008443341100,peripheral,0.150000000000,12,0.591880706432,"Недостаточно признаков: вход 2 gid, выход 3 gid, depth=1; наблюдение ограничено"
100000008454065100,peripheral,0.150000000000,15,0.197767554816,"Недостаточно признаков: вход 1 gid, выход 0 gid, depth=3; наблюдение ограничено"
100000008459449100,peripheral,0.150000000000,0,0.304493833059,"Недостаточно признаков: вход 1 gid, выход 0 gid, depth=3; наблюдение ограничено"
100000008460102100,distributor,0.826851585014,22,0.510688934990,"31 получателей, 34 исходящих tx, выход 476570.00 KZT; веер исходящих переводов"
100000008461217100,peripheral,0.150000000000,50,0.183276751765,"Недостаточно признаков: вход 1 gid, выход 0 gid, depth=4; наблюдение ограничено"
100000008461532100,peripheral,0.150000000000,28,0.696559039845,"Недостаточно признаков: вход 2 gid, выход 8 gid, depth=2; наблюдение ограничено"
100000008463968100,peripheral,0.150000000000,6,0.161473252438,"Недостаточно признаков: вход 1 gid, выход 0 gid, depth=3; наблюдение ограничено"
100000008465789100,distributor,0.795497118156,5,0.623855364637,"16 получателей, 17 исходящих tx, выход 1858100.00 KZT; веер исходящих переводов"
100000008466579100,distributor,0.802907060519,5,0.704721672261,"17 получателей, 20 исходящих tx, выход 1933000.00 KZT; веер исходящих переводов"
100000008468762100,peripheral,0.150000000000,20,0.464370166497,"Недостаточно признаков: вход 2 gid, выход 0 gid, depth=3; наблюдение ограничено"
100000008469048100,peripheral,0.150000000000,0,0.397584869569,"Недостаточно признаков: вход 1 gid, выход 0 gid, depth=4; наблюдение ограничено"
100000008470470100,peripheral,0.150000000000,7,0.298433612625,"Недостаточно признаков: вход 1 gid, выход 0 gid, depth=1; наблюдение ограничено"
100000008471634100,peripheral,0.150000000000,27,0.187942521168,"Недостаточно признаков: вход 1 gid, выход 0 gid, depth=4; наблюдение ограничено"
100000008472324100,peripheral,0.150000000000,4,0.389330046779,"Недостаточно признаков: вход 1 gid, выход 0 gid, depth=3; наблюдение ограничено"
100000008473207100,terminal,0.479193109701,1,0.420260950357,"1 плательщиков, 4 даты входа, последний день 13; r=0.000, исходящие вне выборки неизвестны"
100000008473765100,peripheral,0.150000000000,3,0.210329241671,"Недостаточно признаков: вход 1 gid, выход 0 gid, depth=3; наблюдение ограничено"
100000008474308100,peripheral,0.150000000000,12,0.193742637011,"Недостаточно признаков: вход 1 gid, выход 1 gid, depth=2; наблюдение ограничено"
100000008474391100,peripheral,0.150000000000,25,0.252632011614,"Недостаточно признаков: вход 1 gid, выход 0 gid, depth=3; наблюдение ограничено"
100000008477350100,consolidator,0.845164324569,0,0.786320657939,"11 плательщиков, 14 входящих tx, вход 610100.00 KZT; признаки консолидации, вход неполон"
100000008478414100,peripheral,0.150000000000,18,0.161473252438,"Недостаточно признаков: вход 1 gid, выход 0 gid, depth=2; наблюдение ограничено"
100000008486520100,peripheral,0.150000000000,2,0.417877285471,"Недостаточно признаков: вход 1 gid, выход 1 gid, depth=1; наблюдение ограничено"
100000008488166100,peripheral,0.150000000000,6,0.151334176619,"Недостаточно признаков: вход 1 gid, выход 0 gid, depth=3; наблюдение ограничено"
100000008489604100,peripheral,0.150000000000,6,0.165421211164,"Недостаточно признаков: вход 1 gid, выход 0 gid, depth=3; наблюдение ограничено"
100000008489922100,distributor,0.833894092219,5,0.765540812059,"36 получателей, 41 исходящих tx, выход 3789900.00 KZT; веер исходящих переводов"
100000008490127100,peripheral,0.150000000000,4,0.591084653708,"Недостаточно признаков: вход 1 gid, выход 6 gid, depth=3; наблюдение ограничено"
100000008491390100,peripheral,0.150000000000,0,0.283318418074,"Недостаточно признаков: вход 1 gid, выход 0 gid, depth=3; наблюдение ограничено"
100000008493007100,peripheral,0.150000000000,84,0.237838749044,"Недостаточно признаков: вход 1 gid, выход 1 gid, depth=3; наблюдение ограничено"
100000008497298100,peripheral,0.150000000000,19,0.325851897570,"Недостаточно признаков: вход 1 gid, выход 0 gid, depth=2; наблюдение ограничено"
100000008501413100,peripheral,0.150000000000,34,0.281914475411,"Недостаточно признаков: вход 1 gid, выход 1 gid, depth=3; наблюдение ограничено"
100000008502995100,terminal,0.447914777879,0,0.200010713183,"1 плательщиков, 2 даты входа, последний день 12; r=0.000, исходящие вне выборки неизвестны"
100000008503177100,peripheral,0.150000000000,3,0.215578232249,"Недостаточно признаков: вход 1 gid, выход 0 gid, depth=3; наблюдение ограничено"
100000008507703100,peripheral,0.150000000000,6,0.207368272626,"Недостаточно признаков: вход 1 gid, выход 0 gid, depth=3; наблюдение ограничено"
100000008512552100,consolidator,0.822623526745,17,0.718835857959,"4 плательщиков, 9 входящих tx, вход 394360.00 KZT; признаки консолидации, вход неполон"
100000008512827100,consolidator,0.772243880326,13,0.769029189616,"3 плательщиков, 3 входящих tx, вход 107949.00 KZT; признаки консолидации, вход неполон"
100000008513251100,peripheral,0.050000000000,102,0.000000000000,"Недостаточно признаков: вход 0 gid, выход 0 gid, depth=0; наблюдение ограничено"
100000008514970100,peripheral,0.150000000000,3,0.343207387219,"Недостаточно признаков: вход 1 gid, выход 1 gid, depth=3; наблюдение ограничено"
100000008516839100,consolidator,0.784496826836,23,0.595538775033,"3 плательщиков, 4 входящих tx, вход 155000.00 KZT; признаки консолидации, вход неполон"
100000008517061100,peripheral,0.150000000000,15,0.340208111119,"Недостаточно признаков: вход 1 gid, выход 0 gid, depth=4; наблюдение ограничено"
100000008517538100,distributor,0.800151296830,5,0.716781976782,"17 получателей, 18 исходящих tx, выход 1439000.00 KZT; веер исходящих переводов"
100000008522127100,peripheral,0.150000000000,64,0.156226315932,"Недостаточно признаков: вход 0 gid, выход 1 gid, depth=0; наблюдение ограничено"
100000008524903100,peripheral,0.150000000000,0,0.238455250735,"Недостаточно признаков: вход 1 gid, выход 0 gid, depth=4; наблюдение ограничено"
100000008525136100,peripheral,0.150000000000,0,0.267391957950,"Недостаточно признаков: вход 1 gid, выход 0 gid, depth=4; наблюдение ограничено"
100000008531133100,peripheral,0.150000000000,2,0.402377755076,"Недостаточно признаков: вход 1 gid, выход 3 gid, depth=2; наблюдение ограничено"
100000008531186100,peripheral,0.150000000000,1,0.370173474325,"Недостаточно признаков: вход 1 gid, выход 0 gid, depth=2; наблюдение ограничено"
100000008532050100,peripheral,0.150000000000,4,0.414722599493,"Недостаточно признаков: вход 1 gid, выход 0 gid, depth=3; наблюдение ограничено"
100000008536546100,peripheral,0.150000000000,20,0.477873979867,"Недостаточно признаков: вход 2 gid, выход 0 gid, depth=3; наблюдение ограничено"
100000008537380100,peripheral,0.150000000000,6,0.155641040684,"Недостаточно признаков: вход 1 gid, выход 0 gid, depth=3; наблюдение ограничено"
100000008545727100,peripheral,0.150000000000,9,0.570016938555,"Недостаточно признаков: вход 1 gid, выход 6 gid, depth=2; наблюдение ограничено"
100000008546855100,consolidator,0.832044424297,21,0.616544634499,"6 плательщиков, 8 входящих tx, вход 71790.00 KZT; признаки консолидации, вход неполон"
100000008547295100,peripheral,0.150000000000,8,0.173765760289,"Недостаточно признаков: вход 1 gid, выход 0 gid, depth=3; наблюдение ограничено"
100000008547844100,distributor,0.807622478386,5,0.762824246511,"19 получателей, 21 исходящих tx, выход 2042199.00 KZT; веер исходящих переводов"
100000008547948100,consolidator,0.829385766092,5,0.779841206337,"6 плательщиков, 7 входящих tx, вход 212665.00 KZT; признаки консолидации, вход неполон"
100000008548853100,peripheral,0.150000000000,6,0.170759928077,"Недостаточно признаков: вход 1 gid, выход 0 gid, depth=3; наблюдение ограничено"
100000008551752100,peripheral,0.150000000000,43,0.380133133193,"Недостаточно признаков: вход 1 gid, выход 0 gid, depth=4; наблюдение ограничено"
100000008554390100,peripheral,0.150000000000,22,0.170759928077,"Недостаточно признаков: вход 1 gid, выход 0 gid, depth=4; наблюдение ограничено"
100000008555233100,peripheral,0.150000000000,20,0.317417622110,"Недостаточно признаков: вход 1 gid, выход 0 gid, depth=3; наблюдение ограничено"
100000008555918100,peripheral,0.150000000000,1,0.593718457795,"Недостаточно признаков: вход 1 gid, выход 2 gid, depth=1; наблюдение ограничено"
100000008556318100,terminal,0.447914777879,1,0.607598582681,"2 плательщиков, 2 даты входа, последний день 19; r=0.000, исходящие вне выборки неизвестны"
100000008557672100,peripheral,0.150000000000,18,0.232626235838,"Недостаточно признаков: вход 1 gid, выход 0 gid, depth=2; наблюдение ограничено"
100000008560263100,peripheral,0.150000000000,4,0.361784062032,"Недостаточно признаков: вход 1 gid, выход 0 gid, depth=4; наблюдение ограничено"
100000008560717100,consolidator,0.836244333636,4,0.702278518652,"7 плательщиков, 9 входящих tx, вход 529000.00 KZT; признаки консолидации, вход неполон"
100000008561016100,transit,0.466661698957,5,0.358722590889,"Вход 180000.00, выход 185000.00 KZT, r=1.028; сходство объёмов, порядок не известен"
100000008566737100,peripheral,0.150000000000,0,0.607986402616,"Недостаточно признаков: вход 2 gid, выход 0 gid, depth=1; наблюдение ограничено"
100000008568512100,peripheral,0.150000000000,4,0.387176614746,"Недостаточно признаков: вход 1 gid, выход 0 gid, depth=3; наблюдение ограничено"
100000008571243100,peripheral,0.150000000000,9,0.275964055489,"Недостаточно признаков: вход 1 gid, выход 0 gid, depth=3; наблюдение ограничено"
100000008571433100,peripheral,0.150000000000,52,0.469010482319,"Недостаточно признаков: вход 2 gid, выход 2 gid, depth=0; наблюдение ограничено"
100000008571443100,terminal,0.447914777879,14,0.457057434502,"2 плательщиков, 2 даты входа, последний день 22; r=0.000, исходящие вне выборки неизвестны"
100000008575624100,peripheral,0.150000000000,61,0.183940375946,"Недостаточно признаков: вход 0 gid, выход 3 gid, depth=0; наблюдение ограничено"
100000008576243100,terminal,0.479193109701,0,0.466299246974,"2 плательщиков, 3 даты входа, последний день 10; r=0.000, исходящие вне выборки неизвестны"
100000008576528100,peripheral,0.150000000000,4,0.302744133813,"Недостаточно признаков: вход 1 gid, выход 0 gid, depth=3; наблюдение ограничено"
100000008579978100,peripheral,0.150000000000,4,0.401733399211,"Недостаточно признаков: вход 1 gid, выход 1 gid, depth=3; наблюдение ограничено"
100000008582730100,peripheral,0.150000000000,21,0.170817558500,"Недостаточно признаков: вход 1 gid, выход 1 gid, depth=3; наблюдение ограничено"
100000008583360100,peripheral,0.150000000000,9,0.337627165659,"Недостаточно признаков: вход 1 gid, выход 1 gid, depth=3; наблюдение ограничено"
100000008583971100,peripheral,0.150000000000,0,0.415603903599,"Недостаточно признаков: вход 2 gid, выход 0 gid, depth=4; наблюдение ограничено"
100000008586731100,peripheral,0.150000000000,12,0.250026255066,"Недостаточно признаков: вход 1 gid, выход 0 gid, depth=1; наблюдение ограничено"
100000008587459100,peripheral,0.150000000000,0,0.583620058712,"Недостаточно признаков: вход 2 gid, выход 2 gid, depth=2; наблюдение ограничено"
100000008588665100,peripheral,0.150000000000,0,0.264700203628,"Недостаточно признаков: вход 1 gid, выход 0 gid, depth=4; наблюдение ограничено"
100000008595687100,peripheral,0.150000000000,2,0.421280294471,"Недостаточно признаков: вход 1 gid, выход 1 gid, depth=3; наблюдение ограничено"
100000008596924100,peripheral,0.150000000000,8,0.265645527000,"Недостаточно признаков: вход 1 gid, выход 0 gid, depth=3; наблюдение ограничено"
100000008598972100,peripheral,0.150000000000,3,0.272913360109,"Недостаточно признаков: вход 1 gid, выход 0 gid, depth=3; наблюдение ограничено"
100000008599354100,peripheral,0.150000000000,0,0.392433465113,"Недостаточно признаков: вход 1 gid, выход 1 gid, depth=3; наблюдение ограничено"
100000008601794100,peripheral,0.150000000000,56,0.424937062982,"Недостаточно признаков: вход 2 gid, выход 1 gid, depth=0; наблюдение ограничено"
100000008603331100,peripheral,0.150000000000,5,0.612632837451,"Недостаточно признаков: вход 2 gid, выход 6 gid, depth=2; наблюдение ограничено"
100000008603629100,consolidator,0.849306436990,3,0.809038422899,"19 плательщиков, 45 входящих tx, вход 1817300.00 KZT; признаки консолидации, вход неполон"
100000008612257100,peripheral,0.150000000000,17,0.158287967557,"Недостаточно признаков: вход 1 gid, выход 0 gid, depth=3; наблюдение ограничено"
100000008619159100,peripheral,0.150000000000,66,0.317686801114,"Недостаточно признаков: вход 1 gid, выход 0 gid, depth=4; наблюдение ограничено"
100000008619857100,peripheral,0.150000000000,0,0.342289364746,"Недостаточно признаков: вход 1 gid, выход 2 gid, depth=3; наблюдение ограничено"
100000008620570100,peripheral,0.150000000000,3,0.616699441446,"Недостаточно признаков: вход 2 gid, выход 2 gid, depth=3; наблюдение ограничено"
100000008624978100,peripheral,0.150000000000,20,0.385084208766,"Недостаточно признаков: вход 1 gid, выход 0 gid, depth=2; наблюдение ограничено"
100000008625905100,peripheral,0.150000000000,58,0.556957135784,"Недостаточно признаков: вход 1 gid, выход 2 gid, depth=3; наблюдение ограничено"
100000008628231100,peripheral,0.150000000000,68,0.643337120873,"Недостаточно признаков: вход 1 gid, выход 2 gid, depth=1; наблюдение ограничено"
100000008628818100,peripheral,0.150000000000,9,0.293547220228,"Недостаточно признаков: вход 1 gid, выход 0 gid, depth=4; наблюдение ограничено"
100000008629504100,peripheral,0.150000000000,0,0.187942521168,"Недостаточно признаков: вход 1 gid, выход 0 gid, depth=4; наблюдение ограничено"
100000008629581100,peripheral,0.150000000000,1,0.305301370071,"Недостаточно признаков: вход 1 gid, выход 0 gid, depth=2; наблюдение ограничено"
100000008631800100,peripheral,0.150000000000,22,0.168741085547,"Недостаточно признаков: вход 1 gid, выход 0 gid, depth=4; наблюдение ограничено"
100000008632060100,peripheral,0.150000000000,0,0.490866090120,"Недостаточно признаков: вход 1 gid, выход 9 gid, depth=3; наблюдение ограничено"
100000008633099100,peripheral,0.150000000000,11,0.237043944484,"Недостаточно признаков: вход 1 gid, выход 1 gid, depth=3; наблюдение ограничено"
100000008634520100,peripheral,0.150000000000,5,0.355862123943,"Недостаточно признаков: вход 1 gid, выход 0 gid, depth=3; наблюдение ограничено"
100000008636603100,coordinator,0.465144310885,12,0.645510222931,"Достижим от 2 seed, betweenness=0.00347, межкластерный объём 0.63; структурный кандидат"
100000008637537100,consolidator,0.809638485947,31,0.903346447779,"3 плательщиков, 22 входящих tx, вход 619890.00 KZT; признаки консолидации, вход неполон"
100000008638859100,peripheral,0.150000000000,21,0.331338134293,"Недостаточно признаков: вход 1 gid, выход 0 gid, depth=4; наблюдение ограничено"
100000008647905100,peripheral,0.150000000000,21,0.420750789052,"Недостаточно признаков: вход 1 gid, выход 2 gid, depth=2; наблюдение ограничено"
100000008648783100,peripheral,0.150000000000,22,0.149763965762,"Недостаточно признаков: вход 1 gid, выход 0 gid, depth=4; наблюдение ограничено"
100000008649416100,peripheral,0.150000000000,17,0.147834849567,"Недостаточно признаков: вход 1 gid, выход 0 gid, depth=4; наблюдение ограничено"
100000008650785100,peripheral,0.150000000000,2,0.689504124196,"Недостаточно признаков: вход 2 gid, выход 2 gid, depth=0; наблюдение ограничено"
100000008652094100,peripheral,0.150000000000,0,0.282062249389,"Недостаточно признаков: вход 1 gid, выход 0 gid, depth=3; наблюдение ограничено"
100000008653041100,peripheral,0.150000000000,6,0.206605598781,"Недостаточно признаков: вход 1 gid, выход 0 gid, depth=3; наблюдение ограничено"
100000008654653100,peripheral,0.150000000000,2,0.117060770845,"Недостаточно признаков: вход 0 gid, выход 1 gid, depth=0; наблюдение ограничено"
100000008655035100,peripheral,0.150000000000,11,0.275018732117,"Недостаточно признаков: вход 1 gid, выход 0 gid, depth=2; наблюдение ограничено"
100000008655779100,peripheral,0.150000000000,29,0.352280046353,"Недостаточно признаков: вход 1 gid, выход 2 gid, depth=3; наблюдение ограничено"
100000008656043100,peripheral,0.150000000000,18,0.204138124578,"Недостаточно признаков: вход 1 gid, выход 0 gid, depth=2; наблюдение ограничено"
100000008659445100,consolidator,0.797963508613,69,0.506156082069,"3 плательщиков, 7 входящих tx, вход 138490.00 KZT; признаки консолидации, вход неполон"
100000008659950100,peripheral,0.150000000000,5,0.394937942696,"Недостаточно признаков: вход 1 gid, выход 0 gid, depth=3; наблюдение ограничено"
100000008661550100,peripheral,0.150000000000,6,0.193954185592,"Недостаточно признаков: вход 1 gid, выход 0 gid, depth=3; наблюдение ограничено"
100000008661585100,peripheral,0.150000000000,7,0.308124056770,"Недостаточно признаков: вход 1 gid, выход 0 gid, depth=1; наблюдение ограничено"
100000008662216100,peripheral,0.150000000000,6,0.204138124578,"Недостаточно признаков: вход 1 gid, выход 0 gid, depth=3; наблюдение ограничено"
100000008662805100,peripheral,0.150000000000,6,0.178700708696,"Недостаточно признаков: вход 1 gid, выход 0 gid, depth=3; наблюдение ограничено"
100000008663007100,peripheral,0.150000000000,7,0.253974213791,"Недостаточно признаков: вход 1 gid, выход 0 gid, depth=1; наблюдение ограничено"
100000008663723100,peripheral,0.150000000000,6,0.176367823995,"Недостаточно признаков: вход 1 gid, выход 0 gid, depth=3; наблюдение ограничено"
100000008664469100,peripheral,0.150000000000,1,0.398670858769,"Недостаточно признаков: вход 1 gid, выход 0 gid, depth=1; наблюдение ограничено"
100000008664774100,peripheral,0.150000000000,6,0.178207213856,"Недостаточно признаков: вход 1 gid, выход 0 gid, depth=3; наблюдение ограничено"
100000008665380100,peripheral,0.150000000000,0,0.562141236676,"Недостаточно признаков: вход 2 gid, выход 1 gid, depth=1; наблюдение ограничено"
100000008666075100,peripheral,0.150000000000,7,0.287845905133,"Недостаточно признаков: вход 1 gid, выход 0 gid, depth=1; наблюдение ограничено"
100000008667058100,peripheral,0.150000000000,7,0.264651647618,"Недостаточно признаков: вход 1 gid, выход 0 gid, depth=1; наблюдение ограничено"
100000008667795100,peripheral,0.150000000000,6,0.215892274421,"Недостаточно признаков: вход 1 gid, выход 0 gid, depth=3; наблюдение ограничено"
100000008667799100,peripheral,0.150000000000,6,0.215892274421,"Недостаточно признаков: вход 1 gid, выход 0 gid, depth=3; наблюдение ограничено"
100000008668099100,peripheral,0.150000000000,6,0.176816455668,"Недостаточно признаков: вход 1 gid, выход 0 gid, depth=3; наблюдение ограничено"
100000008669037100,peripheral,0.050000000000,103,0.000000000000,"Недостаточно признаков: вход 0 gid, выход 0 gid, depth=0; наблюдение ограничено"
100000008669310100,terminal,0.447914777879,0,0.308621244454,"1 плательщиков, 2 даты входа, последний день 27; r=0.000, исходящие вне выборки неизвестны"
100000008670667100,peripheral,0.150000000000,7,0.259088614868,"Недостаточно признаков: вход 1 gid, выход 0 gid, depth=1; наблюдение ограничено"
100000008671026100,peripheral,0.150000000000,7,0.278648955828,"Недостаточно признаков: вход 1 gid, выход 0 gid, depth=1; наблюдение ограничено"
100000008671081100,peripheral,0.150000000000,6,0.219615917310,"Недостаточно признаков: вход 1 gid, выход 0 gid, depth=3; наблюдение ограничено"
100000008671129100,peripheral,0.150000000000,6,0.204138124578,"Недостаточно признаков: вход 1 gid, выход 0 gid, depth=3; наблюдение ограничено"
100000008671929100,terminal,0.447914777879,1,0.450981311887,"1 плательщиков, 2 даты входа, последний день 21; r=0.000, исходящие вне выборки неизвестны"
100000008672162100,peripheral,0.150000000000,7,0.259357793872,"Недостаточно признаков: вход 1 gid, выход 0 gid, depth=1; наблюдение ограничено"
100000008672200100,peripheral,0.150000000000,7,0.239932042414,"Недостаточно признаков: вход 1 gid, выход 0 gid, depth=1; наблюдение ограничено"
100000008672480100,peripheral,0.150000000000,18,0.169099990886,"Недостаточно признаков: вход 1 gid, выход 0 gid, depth=2; наблюдение ограничено"
100000008672493100,peripheral,0.150000000000,6,0.170759928077,"Недостаточно признаков: вход 1 gid, выход 0 gid, depth=3; наблюдение ограничено"
100000008672603100,peripheral,0.150000000000,1,0.256714559842,"Недостаточно признаков: вход 1 gid, выход 0 gid, depth=2; наблюдение ограничено"
100000008672762100,peripheral,0.150000000000,18,0.169099990886,"Недостаточно признаков: вход 1 gid, выход 0 gid, depth=2; наблюдение ограничено"
100000008673001100,peripheral,0.150000000000,23,0.338137515721,"Недостаточно признаков: вход 1 gid, выход 0 gid, depth=0; наблюдение ограничено"
100000008675322100,peripheral,0.150000000000,37,0.406198597698,"Недостаточно признаков: вход 1 gid, выход 0 gid, depth=4; наблюдение ограничено"
100000008676812100,peripheral,0.150000000000,21,0.295793575453,"Недостаточно признаков: вход 1 gid, выход 0 gid, depth=3; наблюдение ограничено"
100000008677215100,peripheral,0.150000000000,25,0.222125057823,"Недостаточно признаков: вход 1 gid, выход 0 gid, depth=3; наблюдение ограничено"
100000008677368100,peripheral,0.150000000000,11,0.169907527898,"Недостаточно признаков: вход 1 gid, выход 0 gid, depth=4; наблюдение ограничено"
100000008677518100,peripheral,0.150000000000,6,0.231998151496,"Недостаточно признаков: вход 1 gid, выход 0 gid, depth=3; наблюдение ограничено"
100000008679986100,peripheral,0.150000000000,7,0.268106111503,"Недостаточно признаков: вход 1 gid, выход 0 gid, depth=1; наблюдение ограничено"
100000008680061100,peripheral,0.150000000000,4,0.223833055040,"Недостаточно признаков: вход 1 gid, выход 0 gid, depth=4; наблюдение ограничено"
100000008680451100,peripheral,0.150000000000,7,0.278648955828,"Недостаточно признаков: вход 1 gid, выход 0 gid, depth=1; наблюдение ограничено"
100000008680731100,distributor,0.822197406340,12,0.289124334325,"27 получателей, 28 исходящих tx, выход 1464354.00 KZT; веер исходящих переводов"
100000008680912100,peripheral,0.150000000000,0,0.250763722700,"Недостаточно признаков: вход 1 gid, выход 1 gid, depth=3; наблюдение ограничено"
100000008682426100,peripheral,0.150000000000,15,0.187942521168,"Недостаточно признаков: вход 1 gid, выход 0 gid, depth=3; наблюдение ограничено"
100000008683818100,peripheral,0.150000000000,18,0.180943867063,"Недостаточно признаков: вход 1 gid, выход 0 gid, depth=2; наблюдение ограничено"
100000008684452100,peripheral,0.150000000000,6,0.237830363250,"Недостаточно признаков: вход 1 gid, выход 0 gid, depth=3; наблюдение ограничено"
100000008684767100,peripheral,0.150000000000,6,0.213021031711,"Недостаточно признаков: вход 1 gid, выход 0 gid, depth=3; наблюдение ограничено"
100000008684951100,peripheral,0.150000000000,6,0.180450372223,"Недостаточно признаков: вход 1 gid, выход 0 gid, depth=3; наблюдение ограничено"
100000008686214100,peripheral,0.150000000000,3,0.264700203628,"Недостаточно признаков: вход 1 gid, выход 0 gid, depth=3; наблюдение ограничено"
100000008686234100,peripheral,0.150000000000,0,0.304535003383,"Недостаточно признаков: вход 1 gid, выход 0 gid, depth=1; наблюдение ограничено"
100000008686247100,peripheral,0.150000000000,26,0.215725589007,"Недостаточно признаков: вход 1 gid, выход 1 gid, depth=3; наблюдение ограничено"
100000008686313100,consolidator,0.840020398912,0,0.851153479304,"6 плательщиков, 16 входящих tx, вход 1912716.00 KZT; признаки консолидации, вход неполон"
100000008686494100,peripheral,0.150000000000,6,0.176816455668,"Недостаточно признаков: вход 1 gid, выход 0 gid, depth=3; наблюдение ограничено"
100000008687492100,peripheral,0.150000000000,18,0.173765760289,"Недостаточно признаков: вход 1 gid, выход 0 gid, depth=2; наблюдение ограничено"
100000008687617100,terminal,0.447914777879,6,0.224999497391,"1 плательщиков, 2 даты входа, последний день 15; r=0.000, исходящие вне выборки неизвестны"
100000008687671100,peripheral,0.150000000000,7,0.303054518861,"Недостаточно признаков: вход 1 gid, выход 0 gid, depth=1; наблюдение ограничено"
100000008687733100,peripheral,0.150000000000,6,0.172150686265,"Недостаточно признаков: вход 1 gid, выход 0 gid, depth=3; наблюдение ограничено"
100000008687990100,peripheral,0.150000000000,6,0.181841130410,"Недостаточно признаков: вход 1 gid, выход 0 gid, depth=3; наблюдение ограничено"
100000008688109100,peripheral,0.150000000000,6,0.168651359212,"Недостаточно признаков: вход 1 gid, выход 0 gid, depth=3; наблюдение ограничено"
100000008688155100,peripheral,0.150000000000,6,0.195614122783,"Недостаточно признаков: вход 1 gid, выход 0 gid, depth=3; наблюдение ограничено"
100000008688476100,peripheral,0.150000000000,18,0.197139470473,"Недостаточно признаков: вход 1 gid, выход 0 gid, depth=2; наблюдение ограничено"
100000008688881100,peripheral,0.150000000000,18,0.225537855399,"Недостаточно признаков: вход 1 gid, выход 0 gid, depth=2; наблюдение ограничено"
100000008690762100,peripheral,0.150000000000,6,0.204990524757,"Недостаточно признаков: вход 1 gid, выход 0 gid, depth=3; наблюдение ограничено"
100000008690932100,peripheral,0.150000000000,7,0.277482513477,"Недостаточно признаков: вход 1 gid, выход 0 gid, depth=1; наблюдение ограничено"
100000008691027100,peripheral,0.150000000000,7,0.264651647618,"Недостаточно признаков: вход 1 gid, выход 0 gid, depth=1; наблюдение ограничено"
100000008691168100,peripheral,0.150000000000,18,0.197139470473,"Недостаточно признаков: вход 1 gid, выход 0 gid, depth=2; наблюдение ограничено"
100000008691330100,peripheral,0.150000000000,7,0.275463670947,"Недостаточно признаков: вход 1 gid, выход 0 gid, depth=1; наблюдение ограничено"
100000008691495100,peripheral,0.150000000000,7,0.288788031647,"Недостаточно признаков: вход 1 gid, выход 0 gid, depth=1; наблюдение ограничено"
100000008692291100,consolidator,0.772243880326,5,0.652316449668,"3 плательщиков, 3 входящих tx, вход 160000.00 KZT; признаки консолидации, вход неполон"
100000008693069100,peripheral,0.150000000000,7,0.271156806883,"Недостаточно признаков: вход 1 gid, выход 0 gid, depth=1; наблюдение ограничено"
100000008695133100,peripheral,0.150000000000,6,0.218987832967,"Недостаточно признаков: вход 1 gid, выход 0 gid, depth=3; наблюдение ограничено"
100000008695157100,peripheral,0.150000000000,3,0.316340906094,"Недостаточно признаков: вход 1 gid, выход 0 gid, depth=4; наблюдение ограничено"
100000008695495100,peripheral,0.150000000000,7,0.274656133935,"Недостаточно признаков: вход 1 gid, выход 0 gid, depth=1; наблюдение ограничено"
100000008695566100,peripheral,0.150000000000,6,0.215398779580,"Недостаточно признаков: вход 1 gid, выход 0 gid, depth=3; наблюдение ограничено"
100000008695689100,peripheral,0.150000000000,6,0.204138124578,"Недостаточно признаков: вход 1 gid, выход 0 gid, depth=3; наблюдение ограничено"
100000008696692100,peripheral,0.150000000000,18,0.184891825789,"Недостаточно признаков: вход 1 gid, выход 0 gid, depth=2; наблюдение ограничено"
100000008696919100,peripheral,0.150000000000,7,0.297087717605,"Недостаточно признаков: вход 1 gid, выход 0 gid, depth=1; наблюдение ограничено"
100000008697670100,peripheral,0.150000000000,6,0.202029555713,"Недостаточно признаков: вход 1 gid, выход 0 gid, depth=3; наблюдение ограничено"
100000008699083100,peripheral,0.150000000000,13,0.297453512644,"Недостаточно признаков: вход 1 gid, выход 0 gid, depth=4; наблюдение ограничено"
100000008701222100,peripheral,0.050000000000,104,0.000000000000,"Недостаточно признаков: вход 0 gid, выход 0 gid, depth=0; наблюдение ограничено"
100000008701256100,peripheral,0.150000000000,0,0.308172612781,"Недостаточно признаков: вход 1 gid, выход 0 gid, depth=2; наблюдение ограничено"
100000008701944100,peripheral,0.150000000000,16,0.386003318414,"Недостаточно признаков: вход 1 gid, выход 0 gid, depth=1; наблюдение ограничено"
100000008703533100,peripheral,0.150000000000,5,0.252321166301,"Недостаточно признаков: вход 1 gid, выход 0 gid, depth=4; наблюдение ограничено"
100000008706846100,peripheral,0.150000000000,6,0.171477738755,"Недостаточно признаков: вход 1 gid, выход 0 gid, depth=3; наблюдение ограничено"
100000008706947100,peripheral,0.150000000000,6,0.180450372223,"Недостаточно признаков: вход 1 gid, выход 0 gid, depth=3; наблюдение ограничено"
100000008707810100,peripheral,0.150000000000,6,0.204138124578,"Недостаточно признаков: вход 1 gid, выход 0 gid, depth=3; наблюдение ограничено"
100000008708025100,peripheral,0.150000000000,29,0.161473252438,"Недостаточно признаков: вход 1 gid, выход 0 gid, depth=3; наблюдение ограничено"
100000008708061100,peripheral,0.150000000000,6,0.156807483035,"Недостаточно признаков: вход 1 gid, выход 0 gid, depth=3; наблюдение ограничено"
100000008708207100,peripheral,0.150000000000,5,0.529107681249,"Недостаточно признаков: вход 2 gid, выход 0 gid, depth=3; наблюдение ограничено"
100000008708368100,peripheral,0.150000000000,7,0.279321903338,"Недостаточно признаков: вход 1 gid, выход 0 gid, depth=1; наблюдение ограничено"
100000008708595100,peripheral,0.150000000000,6,0.180450372223,"Недостаточно признаков: вход 1 gid, выход 0 gid, depth=3; наблюдение ограничено"
100000008708743100,peripheral,0.150000000000,6,0.176143508158,"Недостаточно признаков: вход 1 gid, выход 0 gid, depth=3; наблюдение ограничено"
100000008710791100,distributor,0.816195965418,5,0.787039726716,"23 получателей, 25 исходящих tx, выход 5521511.00 KZT; веер исходящих переводов"
100000008710843100,distributor,0.779819884726,20,0.738479318213,"13 получателей, 14 исходящих tx, выход 1985500.00 KZT; веер исходящих переводов"
100000008710913100,peripheral,0.150000000000,5,0.235449418523,"Недостаточно признаков: вход 1 gid, выход 0 gid, depth=4; наблюдение ограничено"
100000008712036100,peripheral,0.150000000000,6,0.191441848221,"Недостаточно признаков: вход 1 gid, выход 0 gid, depth=3; наблюдение ограничено"
100000008712184100,peripheral,0.150000000000,6,0.183276751765,"Недостаточно признаков: вход 1 gid, выход 0 gid, depth=3; наблюдение ограничено"
100000008712827100,peripheral,0.150000000000,6,0.253173566480,"Недостаточно признаков: вход 1 gid, выход 0 gid, depth=3; наблюдение ограничено"
100000008712991100,peripheral,0.150000000000,6,0.247969439069,"Недостаточно признаков: вход 1 gid, выход 0 gid, depth=3; наблюдение ограничено"
100000008713270100,peripheral,0.150000000000,8,0.369984750734,"Недостаточно признаков: вход 1 gid, выход 3 gid, depth=2; наблюдение ограничено"
100000008713685100,peripheral,0.150000000000,6,0.233074867512,"Недостаточно признаков: вход 1 gid, выход 0 gid, depth=3; наблюдение ограничено"
100000008714412100,peripheral,0.150000000000,9,0.285744225969,"Недостаточно признаков: вход 1 gid, выход 0 gid, depth=3; наблюдение ограничено"
100000008715513100,peripheral,0.150000000000,22,0.214636105735,"Недостаточно признаков: вход 1 gid, выход 0 gid, depth=4; наблюдение ограничено"
100000008715887100,peripheral,0.150000000000,6,0.183276751765,"Недостаточно признаков: вход 1 gid, выход 0 gid, depth=3; наблюдение ограничено"
100000008716072100,peripheral,0.150000000000,6,0.167305464192,"Недостаточно признаков: вход 1 gid, выход 0 gid, depth=3; наблюдение ограничено"
100000008716222100,peripheral,0.150000000000,7,0.266491037479,"Недостаточно признаков: вход 1 gid, выход 0 gid, depth=1; наблюдение ограничено"
100000008716439100,peripheral,0.150000000000,7,0.250699202576,"Недостаточно признаков: вход 1 gid, выход 0 gid, depth=1; наблюдение ограничено"
100000008716773100,peripheral,0.150000000000,7,0.259806425546,"Недостаточно признаков: вход 1 gid, выход 0 gid, depth=1; наблюдение ограничено"
100000008717340100,peripheral,0.150000000000,7,0.307137067089,"Недостаточно признаков: вход 1 gid, выход 0 gid, depth=1; наблюдение ограничено"
100000008717341100,peripheral,0.150000000000,7,0.255185519310,"Недостаточно признаков: вход 1 gid, выход 0 gid, depth=1; наблюдение ограничено"
100000008717375100,peripheral,0.150000000000,1,0.273358794925,"Недостаточно признаков: вход 1 gid, выход 0 gid, depth=2; наблюдение ограничено"
100000008717802100,peripheral,0.150000000000,6,0.203420313900,"Недостаточно признаков: вход 1 gid, выход 0 gid, depth=3; наблюдение ограничено"
100000008718089100,peripheral,0.150000000000,7,0.259088614868,"Недостаточно признаков: вход 1 gid, выход 0 gid, depth=1; наблюдение ограничено"
100000008718811100,peripheral,0.150000000000,6,0.251737945125,"Недостаточно признаков: вход 1 gid, выход 0 gid, depth=3; наблюдение ограничено"
100000008720668100,peripheral,0.150000000000,6,0.177623992680,"Недостаточно признаков: вход 1 gid, выход 0 gid, depth=3; наблюдение ограничено"
100000008720798100,peripheral,0.150000000000,7,0.259088614868,"Недостаточно признаков: вход 1 gid, выход 0 gid, depth=1; наблюдение ограничено"
100000008720856100,peripheral,0.150000000000,4,0.289487601514,"Недостаточно признаков: вход 1 gid, выход 1 gid, depth=3; наблюдение ограничено"
100000008721637100,peripheral,0.150000000000,8,0.399789316701,"Недостаточно признаков: вход 1 gid, выход 2 gid, depth=3; наблюдение ограничено"
100000008722328100,peripheral,0.150000000000,7,0.279321903338,"Недостаточно признаков: вход 1 gid, выход 0 gid, depth=1; наблюдение ограничено"
100000008722417100,peripheral,0.150000000000,4,0.560713454366,"Недостаточно признаков: вход 1 gid, выход 3 gid, depth=3; наблюдение ограничено"
100000008722541100,peripheral,0.150000000000,4,0.399693438434,"Недостаточно признаков: вход 1 gid, выход 0 gid, depth=4; наблюдение ограничено"
100000008723830100,peripheral,0.150000000000,2,0.641816836281,"Недостаточно признаков: вход 2 gid, выход 1 gid, depth=1; наблюдение ограничено"
100000008724279100,peripheral,0.150000000000,2,0.314132524336,"Недостаточно признаков: вход 1 gid, выход 0 gid, depth=1; наблюдение ограничено"
100000008724461100,peripheral,0.150000000000,5,0.345667409194,"Недостаточно признаков: вход 1 gid, выход 1 gid, depth=3; наблюдение ограничено"
100000008727982100,peripheral,0.150000000000,8,0.210329241671,"Недостаточно признаков: вход 1 gid, выход 0 gid, depth=4; наблюдение ограничено"
100000008728457100,peripheral,0.150000000000,10,0.433680077865,"Недостаточно признаков: вход 1 gid, выход 0 gid, depth=1; наблюдение ограничено"
100000008729597100,peripheral,0.150000000000,3,0.256583167198,"Недостаточно признаков: вход 1 gid, выход 0 gid, depth=3; наблюдение ограничено"
100000008729801100,peripheral,0.150000000000,7,0.264651647618,"Недостаточно признаков: вход 1 gid, выход 0 gid, depth=1; наблюдение ограничено"
100000008730021100,terminal,0.469582955576,16,0.400718437301,"1 плательщиков, 2 даты входа, последний день 23; r=0.000, исходящие вне выборки неизвестны"
100000008730238100,peripheral,0.150000000000,5,0.271388012420,"Недостаточно признаков: вход 1 gid, выход 0 gid, depth=4; наблюдение ограничено"
100000008730371100,peripheral,0.150000000000,0,0.501292553218,"Недостаточно признаков: вход 2 gid, выход 0 gid, depth=3; наблюдение ограничено"
100000008730846100,consolidator,0.838845194923,10,0.727381886209,"7 плательщиков, 11 входящих tx, вход 155042.00 KZT; признаки консолидации, вход неполон"
100000008731444100,consolidator,0.790681097008,0,0.730554861669,"3 плательщиков, 5 входящих tx, вход 439000.00 KZT; признаки консолидации, вход неполон"
100000008732098100,peripheral,0.150000000000,7,0.259806425546,"Недостаточно признаков: вход 1 gid, выход 0 gid, depth=1; наблюдение ограничено"
100000008732488100,peripheral,0.150000000000,3,0.328205900518,"Недостаточно признаков: вход 1 gid, выход 1 gid, depth=3; наблюдение ограничено"
100000008733049100,peripheral,0.150000000000,16,0.257611787470,"Недостаточно признаков: вход 1 gid, выход 0 gid, depth=2; наблюдение ограничено"
100000008733194100,consolidator,0.804590888486,14,0.731017467994,"4 плательщиков, 4 входящих tx, вход 251424.00 KZT; признаки консолидации, вход неполон"
100000008734279100,peripheral,0.150000000000,3,0.213693979221,"Недостаточно признаков: вход 1 gid, выход 0 gid, depth=4; наблюдение ограничено"
100000008734364100,peripheral,0.150000000000,18,0.204138124578,"Недостаточно признаков: вход 1 gid, выход 0 gid, depth=2; наблюдение ограничено"
100000008735384100,peripheral,0.150000000000,7,0.304176098044,"Недостаточно признаков: вход 1 gid, выход 0 gid, depth=1; наблюдение ограничено"
100000008735802100,peripheral,0.150000000000,0,0.322169920990,"Недостаточно признаков: вход 1 gid, выход 0 gid, depth=4; наблюдение ограничено"
100000008735832100,peripheral,0.150000000000,6,0.181841130410,"Недостаточно признаков: вход 1 gid, выход 0 gid, depth=3; наблюдение ограничено"
100000008736173100,peripheral,0.150000000000,7,0.296011001589,"Недостаточно признаков: вход 1 gid, выход 0 gid, depth=1; наблюдение ограничено"
100000008736394100,peripheral,0.150000000000,18,0.177623992680,"Недостаточно признаков: вход 1 gid, выход 0 gid, depth=2; наблюдение ограничено"
100000008736760100,peripheral,0.150000000000,7,0.324095344343,"Недостаточно признаков: вход 1 gid, выход 0 gid, depth=1; наблюдение ограничено"
100000008736940100,consolidator,0.806922030825,69,0.613379614696,"3 плательщиков, 13 входящих tx, вход 451090.00 KZT; признаки консолидации, вход неполон"
100000008737422100,peripheral,0.150000000000,7,0.336746757533,"Недостаточно признаков: вход 1 gid, выход 0 gid, depth=1; наблюдение ограничено"
100000008737514100,peripheral,0.150000000000,16,0.353618965576,"Недостаточно признаков: вход 1 gid, выход 0 gid, depth=2; наблюдение ограничено"
100000008737958100,terminal,0.447914777879,18,0.436326994067,"2 плательщиков, 2 даты входа, последний день 28; r=0.000, исходящие вне выборки неизвестны"
100000008738325100,peripheral,0.150000000000,23,0.347457892264,"Недостаточно признаков: вход 1 gid, выход 1 gid, depth=0; наблюдение ограничено"
100000008738526100,peripheral,0.150000000000,20,0.345848771731,"Недостаточно признаков: вход 1 gid, выход 1 gid, depth=3; наблюдение ограничено"
100000008738658100,peripheral,0.150000000000,6,0.208759030814,"Недостаточно признаков: вход 1 gid, выход 0 gid, depth=3; наблюдение ограничено"
100000008739887100,peripheral,0.150000000000,3,0.596640076373,"Недостаточно признаков: вход 2 gid, выход 2 gid, depth=3; наблюдение ограничено"
100000008740295100,peripheral,0.150000000000,5,0.371429678729,"Недостаточно признаков: вход 1 gid, выход 0 gid, depth=4; наблюдение ограничено"
100000008740793100,peripheral,0.150000000000,6,0.191441848221,"Недостаточно признаков: вход 1 gid, выход 0 gid, depth=3; наблюдение ограничено"
100000008741372100,peripheral,0.150000000000,7,0.301663760673,"Недостаточно признаков: вход 1 gid, выход 0 gid, depth=1; наблюдение ограничено"
100000008742053100,distributor,0.769654178674,13,0.578073457514,"12 получателей, 12 исходящих tx, выход 2789000.00 KZT; веер исходящих переводов"
100000008742266100,peripheral,0.150000000000,18,0.191441848221,"Недостаточно признаков: вход 1 gid, выход 0 gid, depth=2; наблюдение ограничено"
100000008743913100,distributor,0.775778097983,20,0.780344704190,"13 получателей, 13 исходящих tx, выход 1850600.00 KZT; веер исходящих переводов"
100000008744364100,peripheral,0.150000000000,6,0.196376796628,"Недостаточно признаков: вход 1 gid, выход 0 gid, depth=3; наблюдение ограничено"
100000008744799100,peripheral,0.150000000000,6,0.168382180208,"Недостаточно признаков: вход 1 gid, выход 0 gid, depth=3; наблюдение ограничено"
100000008744849100,peripheral,0.150000000000,7,0.309021320117,"Недостаточно признаков: вход 1 gid, выход 0 gid, depth=1; наблюдение ограничено"
100000008745474100,peripheral,0.150000000000,7,0.306598709081,"Недостаточно признаков: вход 1 gid, выход 0 gid, depth=1; наблюдение ограничено"
100000008745489100,peripheral,0.150000000000,7,0.325082334025,"Недостаточно признаков: вход 1 gid, выход 0 gid, depth=1; наблюдение ограничено"
100000008745643100,peripheral,0.150000000000,7,0.273758870588,"Недостаточно признаков: вход 1 gid, выход 0 gid, depth=1; наблюдение ограничено"
100000008745676100,peripheral,0.150000000000,70,0.216520358764,"Недостаточно признаков: вход 1 gid, выход 0 gid, depth=4; наблюдение ограничено"
100000008745725100,peripheral,0.150000000000,7,0.313552500018,"Недостаточно признаков: вход 1 gid, выход 0 gid, depth=1; наблюдение ограничено"
100000008745863100,peripheral,0.150000000000,6,0.194043911926,"Недостаточно признаков: вход 1 gid, выход 0 gid, depth=3; наблюдение ограничено"
100000008745884100,peripheral,0.150000000000,6,0.187942521168,"Недостаточно признаков: вход 1 gid, выход 0 gid, depth=3; наблюдение ограничено"
100000008746025100,peripheral,0.150000000000,7,0.275957165788,"Недостаточно признаков: вход 1 gid, выход 0 gid, depth=1; наблюдение ограничено"
100000008746449100,distributor,0.755446685879,5,0.603162654825,"10 получателей, 10 исходящих tx, выход 1009000.00 KZT; веер исходящих переводов"
100000008746673100,peripheral,0.150000000000,7,0.322480270319,"Недостаточно признаков: вход 1 gid, выход 0 gid, depth=1; наблюдение ограничено"
100000008747113100,peripheral,0.150000000000,4,0.610828730729,"Недостаточно признаков: вход 2 gid, выход 0 gid, depth=1; наблюдение ограничено"
100000008748408100,distributor,0.811296829971,8,0.537938795532,"21 получателей, 22 исходящих tx, выход 1499960.00 KZT; веер исходящих переводов"
100000008748795100,peripheral,0.150000000000,0,0.294893115248,"Недостаточно признаков: вход 1 gid, выход 0 gid, depth=3; наблюдение ограничено"
100000008748914100,distributor,0.791761527378,1,0.726086910884,"13 получателей, 21 исходящих tx, выход 4471847.00 KZT; веер исходящих переводов"
100000008749063100,peripheral,0.150000000000,7,0.268106111503,"Недостаточно признаков: вход 1 gid, выход 0 gid, depth=1; наблюдение ограничено"
100000008749405100,peripheral,0.150000000000,6,0.219481327808,"Недостаточно признаков: вход 1 gid, выход 0 gid, depth=3; наблюдение ограничено"
100000008749406100,peripheral,0.150000000000,7,0.263126299929,"Недостаточно признаков: вход 1 gid, выход 0 gid, depth=1; наблюдение ограничено"
100000008749618100,peripheral,0.150000000000,7,0.313866542190,"Недостаточно признаков: вход 1 gid, выход 0 gid, depth=1; наблюдение ограничено"
100000008749900100,peripheral,0.150000000000,6,0.180136330051,"Недостаточно признаков: вход 1 gid, выход 0 gid, depth=3; наблюдение ограничено"
100000008749989100,peripheral,0.150000000000,18,0.177623992680,"Недостаточно признаков: вход 1 gid, выход 0 gid, depth=2; наблюдение ограничено"
100000008750464100,peripheral,0.150000000000,6,0.156448577696,"Недостаточно признаков: вход 1 gid, выход 0 gid, depth=3; наблюдение ограничено"
100000008751349100,peripheral,0.150000000000,28,0.166139021841,"Недостаточно признаков: вход 1 gid, выход 0 gid, depth=3; наблюдение ограничено"
100000008751380100,peripheral,0.150000000000,5,0.539711551626,"Недостаточно признаков: вход 2 gid, выход 0 gid, depth=3; наблюдение ограничено"
100000008751429100,consolidator,0.794611287398,69,0.553921755574,"3 плательщиков, 6 входящих tx, вход 386200.00 KZT; признаки консолидации, вход неполон"
100000008752616100,peripheral,0.150000000000,5,0.733224721621,"Недостаточно признаков: вход 2 gid, выход 7 gid, depth=2; наблюдение ограничено"
100000008753061100,terminal,0.447914777879,6,0.207188819957,"1 плательщиков, 2 даты входа, последний день 28; r=0.000, исходящие вне выборки неизвестны"
100000008753193100,peripheral,0.150000000000,7,0.301125402665,"Недостаточно признаков: вход 1 gid, выход 0 gid, depth=1; наблюдение ограничено"
100000008753897100,peripheral,0.150000000000,6,0.197767554816,"Недостаточно признаков: вход 1 gid, выход 0 gid, depth=3; наблюдение ограничено"
100000008754608100,peripheral,0.150000000000,6,0.167754095865,"Недостаточно признаков: вход 1 gid, выход 0 gid, depth=3; наблюдение ограничено"
100000008754747100,peripheral,0.150000000000,6,0.227870740100,"Недостаточно признаков: вход 1 gid, выход 0 gid, depth=3; наблюдение ограничено"
100000008754997100,peripheral,0.150000000000,6,0.183276751765,"Недостаточно признаков: вход 1 gid, выход 0 gid, depth=3; наблюдение ограничено"
100000008755168100,peripheral,0.150000000000,6,0.181841130410,"Недостаточно признаков: вход 1 gid, выход 0 gid, depth=3; наблюдение ограничено"
100000008755361100,peripheral,0.150000000000,7,0.255185519310,"Недостаточно признаков: вход 1 gid, выход 0 gid, depth=1; наблюдение ограничено"
100000008755580100,peripheral,0.150000000000,6,0.177623992680,"Недостаточно признаков: вход 1 gid, выход 0 gid, depth=3; наблюдение ограничено"
100000008755754100,peripheral,0.150000000000,13,0.154205419329,"Недостаточно признаков: вход 1 gid, выход 0 gid, depth=3; наблюдение ограничено"
100000008757301100,peripheral,0.150000000000,0,0.243617711837,"Недостаточно признаков: вход 1 gid, выход 0 gid, depth=4; наблюдение ограничено"
100000008757369100,peripheral,0.150000000000,0,0.295231472523,"Недостаточно признаков: вход 1 gid, выход 1 gid, depth=3; наблюдение ограничено"
100000008758106100,peripheral,0.150000000000,5,0.226162742884,"Недостаточно признаков: вход 1 gid, выход 0 gid, depth=4; наблюдение ограничено"
100000008758168100,peripheral,0.150000000000,20,0.722352502906,"Недостаточно признаков: вход 2 gid, выход 5 gid, depth=2; наблюдение ограничено"
100000008758607100,peripheral,0.150000000000,5,0.212524340012,"Недостаточно признаков: вход 1 gid, выход 0 gid, depth=4; наблюдение ограничено"
100000008759795100,peripheral,0.150000000000,22,0.179373656206,"Недостаточно признаков: вход 1 gid, выход 0 gid, depth=4; наблюдение ограничено"
100000008759857100,peripheral,0.150000000000,20,0.505545833250,"Недостаточно признаков: вход 1 gid, выход 2 gid, depth=3; наблюдение ограничено"
100000008760098100,peripheral,0.150000000000,20,0.453509051917,"Недостаточно признаков: вход 1 gid, выход 1 gid, depth=3; наблюдение ограничено"
100000008761132100,peripheral,0.150000000000,5,0.226162742884,"Недостаточно признаков: вход 1 gid, выход 0 gid, depth=4; наблюдение ограничено"
100000008761219100,peripheral,0.150000000000,48,0.658257938448,"Недостаточно признаков: вход 2 gid, выход 2 gid, depth=3; наблюдение ограничено"
100000008761220100,peripheral,0.150000000000,5,0.226162742884,"Недостаточно признаков: вход 1 gid, выход 0 gid, depth=4; наблюдение ограничено"
100000008762005100,peripheral,0.150000000000,5,0.147834849567,"Недостаточно признаков: вход 1 gid, выход 0 gid, depth=4; наблюдение ограничено"
100000008762728100,peripheral,0.150000000000,2,0.275826233410,"Недостаточно признаков: вход 1 gid, выход 0 gid, depth=2; наблюдение ограничено"
100000008762832100,peripheral,0.150000000000,1,0.303433081156,"Недостаточно признаков: вход 1 gid, выход 1 gid, depth=2; наблюдение ограничено"
100000008762843100,peripheral,0.150000000000,5,0.154205419329,"Недостаточно признаков: вход 1 gid, выход 0 gid, depth=4; наблюдение ограничено"
100000008762885100,peripheral,0.150000000000,5,0.154205419329,"Недостаточно признаков: вход 1 gid, выход 0 gid, depth=4; наблюдение ограничено"
100000008763688100,peripheral,0.150000000000,6,0.191441848221,"Недостаточно признаков: вход 1 gid, выход 0 gid, depth=3; наблюдение ограничено"
100000008764436100,peripheral,0.150000000000,18,0.169548622559,"Недостаточно признаков: вход 1 gid, выход 0 gid, depth=2; наблюдение ограничено"
100000008764654100,peripheral,0.150000000000,6,0.203420313900,"Недостаточно признаков: вход 1 gid, выход 0 gid, depth=3; наблюдение ограничено"
100000008765494100,peripheral,0.150000000000,18,0.197139470473,"Недостаточно признаков: вход 1 gid, выход 0 gid, depth=2; наблюдение ограничено"
100000008765627100,peripheral,0.150000000000,8,0.244559838351,"Недостаточно признаков: вход 1 gid, выход 0 gid, depth=2; наблюдение ограничено"
100000008766031100,peripheral,0.150000000000,5,0.212524340012,"Недостаточно признаков: вход 1 gid, выход 0 gid, depth=4; наблюдение ограничено"
100000008766764100,peripheral,0.150000000000,5,0.212524340012,"Недостаточно признаков: вход 1 gid, выход 0 gid, depth=4; наблюдение ограничено"
100000008767027100,peripheral,0.150000000000,20,0.243973384598,"Недостаточно признаков: вход 1 gid, выход 0 gid, depth=3; наблюдение ограничено"
100000008767065100,peripheral,0.150000000000,20,0.257611787470,"Недостаточно признаков: вход 1 gid, выход 0 gid, depth=3; наблюдение ограничено"
100000008767925100,peripheral,0.150000000000,7,0.263126299929,"Недостаточно признаков: вход 1 gid, выход 0 gid, depth=1; наблюдение ограничено"
100000008767950100,peripheral,0.150000000000,6,0.180764414394,"Недостаточно признаков: вход 1 gid, выход 0 gid, depth=3; наблюдение ограничено"
100000008768896100,peripheral,0.150000000000,7,0.313552500018,"Недостаточно признаков: вход 1 gid, выход 0 gid, depth=1; наблюдение ограничено"
100000008769097100,peripheral,0.150000000000,6,0.213021031711,"Недостаточно признаков: вход 1 gid, выход 0 gid, depth=3; наблюдение ограничено"
100000008769636100,peripheral,0.150000000000,7,0.277796555649,"Недостаточно признаков: вход 1 gid, выход 0 gid, depth=1; наблюдение ограничено"
100000008770483100,peripheral,0.150000000000,48,0.212524340012,"Недостаточно признаков: вход 1 gid, выход 0 gid, depth=4; наблюдение ограничено"
100000008771627100,peripheral,0.150000000000,18,0.178700708696,"Недостаточно признаков: вход 1 gid, выход 0 gid, depth=2; наблюдение ограничено"
100000008771814100,peripheral,0.150000000000,18,0.196376796628,"Недостаточно признаков: вход 1 gid, выход 0 gid, depth=2; наблюдение ограничено"
100000008771819100,peripheral,0.150000000000,7,0.303996645375,"Недостаточно признаков: вход 1 gid, выход 0 gid, depth=1; наблюдение ограничено"
100000008772058100,peripheral,0.150000000000,18,0.234824531038,"Недостаточно признаков: вход 1 gid, выход 0 gid, depth=2; наблюдение ограничено"
100000008772246100,peripheral,0.150000000000,6,0.226031350240,"Недостаточно признаков: вход 1 gid, выход 0 gid, depth=3; наблюдение ограничено"
100000008773876100,peripheral,0.150000000000,7,0.286141104774,"Недостаточно признаков: вход 1 gid, выход 0 gid, depth=1; наблюдение ограничено"
100000008774237100,peripheral,0.150000000000,60,0.257807239972,"Недостаточно признаков: вход 1 gid, выход 1 gid, depth=2; наблюдение ограничено"
100000008775471100,peripheral,0.150000000000,20,0.325044360558,"Недостаточно признаков: вход 1 gid, выход 0 gid, depth=3; наблюдение ограничено"
100000008775747100,peripheral,0.150000000000,5,0.212524340012,"Недостаточно признаков: вход 1 gid, выход 0 gid, depth=4; наблюдение ограничено"
100000008776298100,peripheral,0.150000000000,7,0.307944604101,"Недостаточно признаков: вход 1 gid, выход 0 gid, depth=1; наблюдение ограничено"
100000008776310100,peripheral,0.150000000000,6,0.185250731128,"Недостаточно признаков: вход 1 gid, выход 0 gid, depth=3; наблюдение ограничено"
100000008776420100,peripheral,0.150000000000,6,0.249046155085,"Недостаточно признаков: вход 1 gid, выход 0 gid, depth=3; наблюдение ограничено"
100000008776576100,peripheral,0.150000000000,7,0.255454698314,"Недостаточно признаков: вход 1 gid, выход 0 gid, depth=1; наблюдение ограничено"
100000008776720100,peripheral,0.150000000000,6,0.203420313900,"Недостаточно признаков: вход 1 gid, выход 0 gid, depth=3; наблюдение ограничено"
100000008777088100,peripheral,0.150000000000,7,0.266491037479,"Недостаточно признаков: вход 1 gid, выход 0 gid, depth=1; наблюдение ограничено"
100000008778010100,peripheral,0.150000000000,78,0.253667061321,"Недостаточно признаков: вход 1 gid, выход 0 gid, depth=4; наблюдение ограничено"
100000008778753100,peripheral,0.150000000000,27,0.161473252438,"Недостаточно признаков: вход 1 gid, выход 0 gid, depth=4; наблюдение ограничено"
100000008779584100,peripheral,0.150000000000,7,0.296549359597,"Недостаточно признаков: вход 1 gid, выход 0 gid, depth=1; наблюдение ограничено"
100000008782056100,peripheral,0.150000000000,7,0.291614411189,"Недостаточно признаков: вход 1 gid, выход 0 gid, depth=1; наблюдение ограничено"
100000008782421100,peripheral,0.150000000000,7,0.316199426891,"Недостаточно признаков: вход 1 gid, выход 0 gid, depth=1; наблюдение ограничено"
100000008782800100,peripheral,0.150000000000,7,0.308303509440,"Недостаточно признаков: вход 1 gid, выход 0 gid, depth=1; наблюдение ограничено"
